ticker-view,name,description,exchange,close,currency,change,Perf.W,Perf.1M,Perf.3M,Perf.6M,Perf.YTD,Perf.Y,Perf.5Y,Perf.10Y,Perf.All,Volatility.W,Volatility.M,SMA10,SMA30,SMA50,SMA100,SMA200,RSI,trend_score,trend_label,rsi_state
[object Object],TTE,TotalEnergies SE,EURONEXT,78.28,EUR,0.60,2.85,-1.20,21.38,39.54,40.66,45.94,96.39,82.88,3108.20,1.37,2.45,77.64,77.47,75.81,67.93,60.75,55.20,3,SIDEWAYS,NEUTRAL
[object Object],ABBN,ABB Ltd.,SIX,82.86,CHF,2.09,1.67,17.13,18.24,49.78,39.03,77.16,176.57,314.51,219.40,2.50,2.42,80.73,74.73,71.43,67.68,61.99,68.42,3,SIDEWAYS,NEUTRAL
[object Object],ABI,Anheuser-Busch InBev SA/NV,EURONEXT,69.68,EUR,1.66,5.45,8.71,3.23,25.55,28.37,18.14,12.21,-37.23,264.24,1.44,2.28,67.66,64.49,63.42,62.07,57.30,66.31,3,SIDEWAYS,NEUTRAL
[object Object],BAS,BASF SE,XETR,53.39,EUR,-1.13,2.05,-2.57,3.87,21.59,20.03,18.20,-23.00,-22.45,887.79,2.41,2.40,53.02,53.19,51.04,48.89,46.39,53.26,3,SIDEWAYS,NEUTRAL
[object Object],RWE,RWE AG,XETR,56.50,EUR,-0.81,-4.11,-4.46,10.96,24.70,24.89,75.57,76.01,362.93,460.62,2.49,2.55,58.99,59.00,57.55,53.99,46.69,41.52,3,SIDEWAYS,NEUTRAL
[object Object],SDZ,Sandoz Group Ltd,SIX,67.76,CHF,0.03,1.56,4.02,4.25,24.28,16.43,77.52,182.33,182.33,182.33,2.35,2.66,65.53,64.91,63.99,63.02,56.78,60.58,3,SIDEWAYS,NEUTRAL
[object Object],OMV,OMV AG,VIE,61.70,EUR,0.90,1.82,3.18,12.18,25.66,29.89,30.22,37.11,140.55,538.39,1.39,2.09,60.73,59.96,59.55,55.16,50.93,60.96,3,SIDEWAYS,NEUTRAL
[object Object],EN,Bouygues SA,EURONEXT,51.72,EUR,1.61,-0.35,-0.92,4.25,23.97,16.75,39.78,49.31,78.56,395.40,1.84,2.16,50.90,51.37,50.65,48.84,44.15,53.48,3,SIDEWAYS,NEUTRAL
[object Object],NN,NN Group N.V.,EURONEXT,76.22,EUR,0.85,1.19,5.04,8.24,22.54,15.84,39.14,74.78,158.99,262.95,1.32,1.39,75.10,73.07,70.39,68.74,64.50,66.75,3,SIDEWAYS,NEUTRAL
[object Object],TELIA,Telia Company AB,OMXSTO,49.36,SEK,0.80,0.76,1.88,12.39,31.28,24.93,40.39,37.65,32.19,53.29,1.48,2.20,48.57,47.91,47.43,44.38,40.29,61.14,3,SIDEWAYS,NEUTRAL
[object Object],TIT,Telecom Italia S.p.A.,MIL,0.71,EUR,1.46,6.71,7.78,12.29,44.06,37.55,94.85,61.74,-15.06,-96.19,2.18,1.89,0.68,0.66,0.64,0.61,0.54,72.14,3,SIDEWAYS,OVERBOUGHT
[object Object],AGS,ageas SA/NV,EURONEXT,68.65,EUR,1.55,1.93,1.63,10.73,17.45,14.42,23.69,29.92,111.69,-76.20,1.35,1.48,67.10,66.95,64.34,62.58,60.70,63.36,3,SIDEWAYS,NEUTRAL
[object Object],ASRNL,ASR Nederland N.V.,EURONEXT,67.80,EUR,1.95,3.04,8.93,10.97,15.15,11.29,19.45,80.90,231.54,231.54,1.48,1.50,65.62,63.66,61.52,61.36,59.87,74.08,3,SIDEWAYS,OVERBOUGHT
[object Object],MONC,Moncler SpA,MIL,50.92,EUR,0.24,-7.11,-4.29,-0.35,-11.90,-8.75,-12.66,-1.70,226.41,253.61,2.83,3.00,52.17,53.59,53.29,52.95,52.32,41.57,3,SIDEWAYS,NEUTRAL
[object Object],REC,Recordati S.p.A.,MIL,51.80,EUR,0.00,3.39,5.93,9.10,-0.48,7.38,0.10,17.19,117.28,5263.57,2.58,1.93,50.19,49.76,48.46,48.14,49.89,68.06,3,SIDEWAYS,NEUTRAL
[object Object],ORNBV,Orion Oyj Class B,OMXHEX,67.35,EUR,0.00,-3.99,-7.04,-10.02,12.91,5.56,23.46,88.60,121.55,244.85,2.76,2.67,68.47,70.46,69.62,68.72,66.95,42.01,3,SIDEWAYS,NEUTRAL
[object Object],BNR,Brenntag SE,XETR,61.64,EUR,1.72,-0.64,6.39,4.83,23.92,24.15,2.77,-18.66,30.25,261.91,2.64,2.79,61.89,59.83,55.86,53.93,52.41,58.14,3,SIDEWAYS,NEUTRAL
[object Object],SSAB_B,SSAB AB Class B,OMXSTO,84.12,SEK,2.59,-2.28,6.97,4.39,39.04,20.17,39.50,110.30,379.34,187.45,2.45,3.20,84.21,81.27,77.48,76.10,67.28,55.11,3,SIDEWAYS,NEUTRAL
[object Object],COV,Covivio SA,EURONEXT,54.20,EUR,0.46,-5.16,-5.00,-0.09,-3.13,-4.24,10.97,-29.28,-34.65,-57.13,2.05,2.25,55.34,56.07,55.61,55.58,55.96,41.93,3,SIDEWAYS,NEUTRAL
[object Object],AKE,Arkema SA,EURONEXT,63.45,EUR,-0.63,-1.70,3.59,-2.61,19.49,21.79,-9.23,-41.66,-10.87,139.04,2.87,2.91,63.17,61.49,58.76,57.04,56.00,57.18,3,SIDEWAYS,NEUTRAL
[object Object],ASML,ASML Holding NV,EURONEXT,1367.00,EUR,3.01,3.88,6.80,14.82,57.69,48.68,99.04,156.95,1585.37,5243.10,3.33,3.76,1282.86,1238.35,1212.86,1169.71,985.35,63.78,2,SIDEWAYS,NEUTRAL
[object Object],HSBA,HSBC Holdings Plc,LSE,1350.00,GBX,0.82,0.57,1.32,6.25,22.15,13.87,54.55,203.17,214.91,463.33,1.83,1.87,1331.14,1325.91,1282.98,1267.26,1143.77,56.28,2,SIDEWAYS,NEUTRAL
[object Object],RIO,Rio Tinto plc,LSE,8154.00,GBX,-1.43,5.40,10.07,13.09,52.27,36.01,72.26,29.94,311.82,850.00,2.12,2.19,7749.70,7440.63,7133.64,6886.60,5946.53,72.20,2,SIDEWAYS,OVERBOUGHT
[object Object],ITX,"Industria de Diseno Textil, S.A.",BME,49.26,EUR,0.43,-7.13,-7.79,-15.07,1.53,-12.81,1.97,59.31,76.56,1229.91,1.99,2.36,50.36,51.82,51.61,53.95,50.43,40.53,2,SIDEWAYS,NEUTRAL
[object Object],SU,Schneider Electric SE,EURONEXT,270.95,EUR,0.95,-4.93,3.61,3.22,16.66,15.74,23.16,105.45,395.07,1182.57,2.35,2.93,271.19,265.03,257.71,251.66,241.89,53.22,2,SIDEWAYS,NEUTRAL
[object Object],ENR,Siemens Energy AG,XETR,177.00,EUR,-0.14,-4.65,4.73,9.53,57.33,45.68,134.13,596.58,704.18,704.18,3.97,4.52,178.68,171.04,162.79,152.51,127.47,53.75,2,SIDEWAYS,NEUTRAL
[object Object],IBE,Iberdrola SA,BME,19.57,EUR,0.00,-1.04,-1.93,-2.25,9.33,6.53,29.30,73.96,221.66,491.40,1.46,1.56,19.63,19.90,19.70,19.36,18.06,45.22,2,SIDEWAYS,NEUTRAL
[object Object],UCG,UniCredit S.p.A.,MIL,72.35,EUR,1.67,0.89,5.16,-2.76,8.10,1.66,31.09,605.85,400.03,-45.08,1.91,2.63,69.47,67.41,66.03,69.22,67.10,62.98,2,SIDEWAYS,NEUTRAL
[object Object],AI,Air Liquide SA,EURONEXT,178.96,EUR,1.10,-0.91,-4.42,6.30,3.67,12.19,-1.36,55.19,183.33,977.60,1.05,1.55,178.01,182.62,177.62,170.54,171.07,48.24,2,SIDEWAYS,NEUTRAL
[object Object],INVE_B,Investor AB Class B,OMXSTO,365.50,SEK,-0.16,-2.04,-1.22,0.01,14.27,10.29,24.30,105.92,438.89,1098.36,1.51,1.68,370.08,370.73,363.30,354.73,328.34,46.14,2,SIDEWAYS,NEUTRAL
[object Object],ENEL,Enel SpA,MIL,9.72,EUR,-0.21,-1.85,-1.29,1.01,9.43,9.88,26.34,18.36,143.66,53.10,1.86,2.00,9.75,9.76,9.63,9.44,8.88,49.83,2,SIDEWAYS,NEUTRAL
[object Object],BP.,BP PLC,LSE,540.70,GBX,-0.62,-0.97,-5.47,18.64,17.92,25.16,40.53,75.49,49.16,135.60,1.88,2.91,552.31,566.82,555.65,502.99,468.50,43.14,2,SIDEWAYS,NEUTRAL
[object Object],IFX,Infineon Technologies AG,XETR,68.07,EUR,5.76,12.59,55.78,56.30,92.26,80.49,96.39,114.87,460.71,8.79,4.82,4.58,60.72,51.08,46.51,44.10,39.22,77.11,2,SIDEWAYS,OVERBOUGHT
[object Object],EQNR,Equinor ASA,OSL,347.60,NOK,-1.05,-6.33,-9.01,27.94,43.87,46.23,43.16,97.28,154.65,382.78,2.45,3.78,357.17,365.58,356.45,303.99,274.39,46.54,2,SIDEWAYS,NEUTRAL
[object Object],CS,AXA SA,EURONEXT,39.48,EUR,1.49,-5.53,-4.43,4.20,1.96,-3.12,-2.35,72.70,90.54,464.80,1.77,1.87,40.27,40.92,39.85,39.69,39.74,43.35,2,SIDEWAYS,NEUTRAL
[object Object],GLEN,Glencore plc,LSE,595.90,GBX,0.64,5.66,4.14,20.63,62.97,45.20,119.85,83.69,355.93,8.74,2.54,2.21,572.43,562.91,547.48,510.77,422.33,70.28,2,SIDEWAYS,OVERBOUGHT
[object Object],DG,VINCI SA,EURONEXT,127.45,EUR,1.11,-4.21,-4.92,-4.46,6.56,7.06,3.49,33.30,97.84,1136.18,1.80,2.20,128.79,131.27,130.30,128.04,123.76,45.12,2,SIDEWAYS,NEUTRAL
[object Object],ENGI,ENGIE S.A.,EURONEXT,27.34,EUR,-0.22,-0.73,-5.40,4.03,24.05,22.00,55.69,115.11,108.62,-2.39,1.65,2.06,27.44,28.16,27.73,26.27,22.94,44.38,2,SIDEWAYS,NEUTRAL
[object Object],ENI,Eni S.p.A.,MIL,23.58,EUR,0.04,2.97,-1.46,30.93,43.27,45.83,74.80,125.95,75.32,334.83,1.74,2.70,23.43,23.47,22.99,20.09,17.74,53.87,2,SIDEWAYS,NEUTRAL
[object Object],NOKIA,Nokia Oyj,OMXHEX,11.92,EUR,7.53,4.33,47.31,93.07,105.16,112.86,155.63,192.87,158.12,-79.80,6.17,5.70,11.10,9.23,8.34,7.05,5.79,73.55,2,SIDEWAYS,OVERBOUGHT
[object Object],G,Assicurazioni Generali S.p.A.,MIL,39.19,EUR,0.80,-0.28,7.99,11.59,14.62,9.56,13.83,121.29,213.52,158.51,1.60,1.88,38.70,37.43,35.95,35.52,34.41,64.96,2,SIDEWAYS,NEUTRAL
[object Object],DHL,Deutsche Post AG,XETR,47.91,EUR,0.88,1.85,-1.22,-2.24,8.03,2.92,21.54,-6.43,78.27,122.22,1.67,2.78,47.43,47.79,46.82,47.45,44.09,52.07,2,SIDEWAYS,NEUTRAL
[object Object],LSEG,London Stock Exchange Group plc,LSE,9212.00,GBX,0.94,-1.12,0.13,20.73,5.81,2.26,-18.12,29.13,259.42,2292.73,3.18,2.69,9302.20,9333.13,9036.08,8706.82,8840.27,48.45,2,SIDEWAYS,NEUTRAL
[object Object],AAL,Anglo American plc,LSE,4063.00,GBX,-0.29,5.81,14.11,13.18,44.90,31.15,59.57,10.09,503.85,1565.90,3.02,3.38,3829.25,3625.82,3442.15,3407.44,3015.72,68.40,2,SIDEWAYS,NEUTRAL
[object Object],ORA,Orange SA,EURONEXT,18.54,EUR,0.49,2.97,5.10,7.39,29.16,30.53,50.88,75.16,26.56,-24.64,1.86,2.55,18.06,17.83,17.64,16.65,15.26,62.20,2,SIDEWAYS,NEUTRAL
[object Object],ANTO,Antofagasta plc,LSE,4267.00,GBX,-0.74,10.99,11.02,14.24,55.96,29.34,131.21,135.16,935.18,6365.15,4.55,4.66,3883.85,3745.78,3667.47,3655.84,3087.44,66.37,2,SIDEWAYS,NEUTRAL
[object Object],STMMI,STMicroelectronics NV,MIL,55.18,EUR,5.41,12.19,60.87,94.74,170.49,146.67,135.86,88.65,1086.67,152.59,4.79,4.68,49.30,40.43,35.57,30.38,26.38,81.34,2,SIDEWAYS,OVERBOUGHT
[object Object],PRY,Prysmian S.p.A.,MIL,156.35,EUR,1.07,7.86,29.70,57.39,87.34,80.54,176.73,442.51,648.70,978.13,4.45,4.54,145.01,126.73,115.15,105.12,93.36,75.96,2,SIDEWAYS,OVERBOUGHT
[object Object],DB1,Deutsche Boerse AG,XETR,243.20,EUR,-0.82,-3.49,-4.55,15.26,17.66,8.47,-13.02,73.78,219.37,1175.30,2.00,1.86,250.92,256.47,250.87,233.28,232.74,36.92,2,SIDEWAYS,NEUTRAL
[object Object],GLE,Societe Generale S.A. Class A,EURONEXT,67.46,EUR,1.41,-3.94,-5.94,-3.90,14.88,-1.09,42.26,157.53,105.67,134.94,2.07,2.76,67.94,69.21,67.67,69.43,63.11,46.44,2,SIDEWAYS,NEUTRAL
[object Object],ASM,ASM International N.V.,EURONEXT,899.80,EUR,2.90,2.25,19.31,31.09,78.18,70.93,79.96,288.68,2496.83,4065.74,3.75,3.62,861.58,795.93,750.78,702.67,594.75,65.40,2,SIDEWAYS,NEUTRAL
[object Object],P911,Porsche AG,XETR,47.00,EUR,1.97,9.30,11.06,14.36,1.05,2.26,-3.01,-44.05,-44.05,-44.05,2.99,2.87,43.31,41.92,40.16,41.52,43.03,73.06,2,SIDEWAYS,OVERBOUGHT
[object Object],FER,Ferrovial N.V.,BME,58.80,EUR,1.73,-3.13,-3.51,-4.79,6.68,6.83,34.71,139.90,228.31,764.91,2.51,2.37,59.10,59.10,57.86,58.22,54.72,49.98,2,SIDEWAYS,NEUTRAL
[object Object],SAND,Sandvik AB,OMXSTO,360.30,SEK,0.08,-6.71,-8.85,-7.38,25.37,19.86,65.58,57.82,353.21,791.83,4.04,3.28,376.41,383.76,374.59,358.01,311.08,40.58,2,SIDEWAYS,NEUTRAL
[object Object],MT,ArcelorMittal SA,EURONEXT,55.00,EUR,0.18,1.89,4.96,5.93,60.58,41.21,94.48,105.45,334.44,-17.58,3.41,4.05,51.93,50.83,48.97,47.72,39.98,61.52,2,SIDEWAYS,NEUTRAL
[object Object],LR,Legrand SA,EURONEXT,154.70,EUR,0.26,-6.27,4.46,3.72,19.23,22.05,42.25,77.82,217.50,544.58,1.83,2.50,155.02,149.16,144.09,139.97,137.73,57.54,2,SIDEWAYS,NEUTRAL
[object Object],PKN,ORLEN Spolka Akcyjna,GPW,144.36,PLN,-0.22,2.38,9.86,31.24,40.81,49.16,97.48,93.15,112.01,550.27,2.21,2.76,141.28,133.71,131.22,117.47,103.19,65.66,2,SIDEWAYS,NEUTRAL
[object Object],HOT,HOCHTIEF Aktiengesellschaft,XETR,530.00,EUR,3.72,-3.11,14.72,45.36,87.54,57.83,228.38,631.03,367.17,3161.54,5.13,4.56,517.29,469.37,437.56,401.45,325.86,64.84,2,SIDEWAYS,NEUTRAL
[object Object],ELE,Endesa S.A.,BME,36.55,EUR,-0.46,0.14,-3.59,14.22,13.90,19.44,45.33,62.16,101.38,85.53,1.91,1.88,37.12,37.52,36.31,33.89,31.18,45.74,2,SIDEWAYS,NEUTRAL
[object Object],ERIC_B,Telefonaktiebolaget LM Ericsson Class B,OMXSTO,118.00,SEK,3.24,6.16,6.79,19.19,26.85,30.24,42.82,6.79,91.25,-83.66,3.29,3.14,111.15,109.02,108.04,101.07,91.63,70.77,2,SIDEWAYS,OVERBOUGHT
[object Object],ACS,"ACS, Actividades de Construccion y Servicios SA",BME,137.10,EUR,3.55,-1.93,11.28,40.62,76.33,61.48,140.32,415.41,399.00,1615.20,3.28,3.18,132.82,123.68,116.32,105.94,88.59,65.09,2,SIDEWAYS,NEUTRAL
[object Object],TSCO,Tesco PLC,LSE,450.70,GBX,-2.49,-5.48,-6.78,-5.51,0.20,1.76,23.75,96.55,181.25,1187.73,2.20,2.28,467.82,478.67,475.66,462.20,451.44,36.38,2,SIDEWAYS,NEUTRAL
[object Object],DTG,Daimler Truck Holding AG,XETR,40.74,EUR,1.88,-3.96,-8.35,-5.19,14.92,8.96,2.88,45.50,45.50,45.50,2.07,2.72,41.45,42.60,42.08,41.51,39.40,43.79,2,SIDEWAYS,NEUTRAL
[object Object],VOD,Vodafone Group Public Limited Company,LSE,116.00,GBX,0.96,-1.82,0.13,1.58,22.21,17.86,69.84,-17.50,-48.33,138.52,4.23,2.90,116.82,115.97,113.34,109.88,99.21,50.95,2,SIDEWAYS,NEUTRAL
[object Object],TEN,Tenaris S.A.,MIL,26.94,EUR,-0.81,3.22,4.70,35.38,52.20,62.68,72.25,175.52,137.15,1439.43,2.50,2.63,26.42,25.95,25.11,22.08,19.06,58.45,2,SIDEWAYS,NEUTRAL
[object Object],ORSTED,Orsted,OMXCOP,162.55,DKK,0.31,-5.60,-1.48,8.37,27.09,32.48,9.33,-65.18,14.69,14.69,3.23,3.26,165.92,162.84,155.56,147.50,136.32,50.83,2,SIDEWAYS,NEUTRAL
[object Object],EPI_A,Epiroc AB Class A,OMXSTO,272.60,SEK,0.78,1.68,8.48,2.17,39.62,30.00,22.46,40.83,214.55,214.55,2.30,3.39,267.75,253.17,247.25,243.15,222.76,61.40,2,SIDEWAYS,NEUTRAL
[object Object],LDO,Leonardo SpA,MIL,49.85,EUR,0.03,-12.07,-13.48,-5.93,-1.74,0.72,8.66,613.23,368.12,257.94,3.74,3.49,52.41,55.30,57.36,56.34,52.91,34.11,2,SIDEWAYS,NEUTRAL
[object Object],PKO,PKO Bank Polski SA,GPW,100.00,PLN,3.27,2.25,0.00,8.74,31.58,17.43,27.32,190.87,328.27,342.35,2.44,2.50,96.07,96.46,92.53,90.89,83.43,62.31,2,SIDEWAYS,NEUTRAL
[object Object],HNR1,Hannover Rueck SE,XETR,236.00,EUR,0.43,-4.76,-13.87,-5.60,-9.51,-11.01,-12.33,60.60,144.31,976.00,1.68,1.89,246.58,263.37,260.79,254.98,254.93,26.39,2,SIDEWAYS,OVERSOLD
[object Object],SUNB,Sunbelt Rentals Holdings Inc,LSE,5874.00,GBX,4.45,5.01,15.63,8.78,8.78,8.78,8.78,8.78,8.78,8.78,3.82,3.77,5505.20,5258.23,5241.72,0.00,0.00,63.30,2,SIDEWAYS,NEUTRAL
[object Object],TLX,Talanx AG,XETR,104.40,EUR,0.77,-6.28,-9.92,0.19,-8.42,-8.34,2.15,195.92,266.32,448.03,2.67,2.26,107.34,111.86,109.10,108.99,110.70,37.55,2,SIDEWAYS,NEUTRAL
[object Object],BT.A,BT Group plc,LSE,234.50,GBX,-0.72,4.83,9.48,11.72,30.90,27.10,46.11,46.43,-46.38,-84.39,3.61,2.62,228.10,220.70,216.10,204.63,198.52,63.93,2,SIDEWAYS,NEUTRAL
[object Object],NTGY,"Naturgy Energy Group, S.A.",BME,27.44,EUR,0.22,3.55,1.63,3.86,1.11,6.27,7.95,27.33,62.37,40.89,1.30,1.85,26.86,26.80,26.23,26.06,26.30,62.09,2,SIDEWAYS,NEUTRAL
[object Object],SLHN,Swiss Life Holding AG,SIX,837.60,CHF,-1.53,-7.75,-7.51,-3.32,-4.67,-8.62,1.21,86.13,249.73,630.72,1.92,1.49,886.32,903.73,875.67,875.10,869.72,29.91,2,SIDEWAYS,OVERSOLD
[object Object],VWS,Vestas Wind Systems A/S,OMXCOP,190.90,DKK,0.03,-2.95,-2.60,19.46,23.16,7.58,69.61,-16.71,116.69,255.35,3.45,3.73,193.34,192.51,179.60,177.04,155.12,52.09,2,SIDEWAYS,NEUTRAL
[object Object],VIE,Veolia Environnement SA,EURONEXT,34.66,EUR,0.58,-4.68,0.17,4.02,17.33,16.31,16.47,37.21,80.92,8.72,1.40,1.87,35.29,34.98,33.99,32.76,30.97,48.07,2,SIDEWAYS,NEUTRAL
[object Object],HBAN,Helvetia Baloise Holding AG,SIX,212.20,CHF,0.38,0.86,-1.58,10.41,7.06,1.53,7.06,7.06,7.06,7.06,1.59,1.80,211.40,213.66,206.16,202.79,0.00,51.11,2,SIDEWAYS,NEUTRAL
[object Object],KNIN,Kuehne & Nagel International AG,SIX,174.40,CHF,0.11,-1.41,-2.57,-8.76,12.12,1.13,-6.24,-37.45,29.67,817.89,2.05,2.86,176.10,181.99,178.50,178.04,169.12,43.47,2,SIDEWAYS,NEUTRAL
[object Object],NESTE,Neste Corporation,OMXHEX,28.52,EUR,-1.28,-2.96,6.90,35.17,57.13,46.71,198.70,-41.84,196.57,424.91,3.10,4.14,28.73,26.86,26.74,23.55,20.00,56.79,2,SIDEWAYS,NEUTRAL
[object Object],TEF,Telefonica SA,BME,4.04,EUR,5.79,3.27,6.26,8.55,7.39,15.27,-7.81,1.84,-55.97,-81.49,2.17,2.25,3.88,3.85,3.76,3.63,3.94,65.43,2,SIDEWAYS,NEUTRAL
[object Object],SRG,Snam S.p.A.,MIL,6.34,EUR,-1.00,-3.65,-5.74,1.96,12.02,12.50,27.83,31.85,47.36,217.83,1.74,1.86,6.51,6.62,6.54,6.24,5.77,37.44,2,SIDEWAYS,NEUTRAL
[object Object],WRT1V,Wartsila Oyj Abp,OMXHEX,36.20,EUR,5.36,0.28,3.61,0.61,37.85,19.00,104.75,244.76,196.64,1656.33,3.75,3.63,35.65,35.53,34.50,33.92,29.93,52.94,2,SIDEWAYS,NEUTRAL
[object Object],VER,VERBUND AG Class A,VIE,61.55,EUR,1.23,0.24,-6.60,2.93,-3.75,-0.73,-5.38,-14.34,423.83,344.49,2.27,2.75,61.21,63.48,64.05,62.66,63.08,45.70,2,SIDEWAYS,NEUTRAL
[object Object],BESI,BE Semiconductor Industries N.V.,EURONEXT,266.70,EUR,3.29,3.25,25.04,54.79,101.66,95.74,122.99,339.81,2160.17,5641.66,3.56,4.18,255.20,230.61,210.49,187.64,158.38,69.90,2,SIDEWAYS,NEUTRAL
[object Object],ALFA,Alfa Laval AB,OMXSTO,541.00,SEK,1.20,-2.45,-0.77,4.64,19.48,16.22,30.93,83.45,332.80,2142.49,2.14,2.25,546.02,543.48,533.37,516.03,478.16,49.29,2,SIDEWAYS,NEUTRAL
[object Object],A5G,AIB Group PLC,EURONEXT,9.67,EUR,0.10,-2.79,0.06,8.35,12.25,5.97,48.88,277.73,23.96,-51.65,1.71,1.92,9.70,9.53,9.29,9.25,8.52,54.26,2,SIDEWAYS,NEUTRAL
[object Object],TRN,Terna S.p.A.,MIL,9.93,EUR,0.16,-3.37,-3.22,0.55,11.32,9.89,18.74,59.40,106.10,447.33,1.33,1.80,10.05,10.10,9.97,9.67,9.20,45.24,2,SIDEWAYS,NEUTRAL
[object Object],AKRBP,Aker BP ASA,OSL,338.10,NOK,-1.97,-6.37,-3.40,21.10,29.24,32.02,43.08,39.14,363.15,446.05,3.26,3.37,347.27,345.02,336.35,302.04,277.16,48.20,2,SIDEWAYS,NEUTRAL
[object Object],HLMA,Halma plc,LSE,4694.00,GBX,2.94,0.15,12.92,24.38,40.04,32.00,57.31,88.82,414.13,8329.18,1.84,2.35,4557.10,4340.50,4136.30,3916.97,3666.15,66.90,2,SIDEWAYS,NEUTRAL
[object Object],NHY,Norsk Hydro ASA,OSL,106.80,NOK,2.59,-2.15,-2.91,15.71,44.40,36.19,85.10,90.37,240.02,408.34,2.13,2.78,105.28,105.34,99.40,91.57,79.84,56.62,2,SIDEWAYS,NEUTRAL
[object Object],VACN,VAT Group AG,SIX,592.60,CHF,1.93,-1.63,9.38,15.97,83.47,47.78,85.30,135.16,999.44,1039.62,3.08,3.03,595.22,561.30,542.98,508.51,415.20,56.30,2,SIDEWAYS,NEUTRAL
[object Object],INDU_C,Industrivarden AB Class C,OMXSTO,478.90,SEK,0.02,-0.87,-2.54,-2.38,19.04,15.20,33.58,57.64,244.53,447.31,2.05,1.97,482.07,483.01,479.13,463.44,422.81,47.86,2,SIDEWAYS,NEUTRAL
[object Object],CLNX,Cellnex Telecom S.A.,BME,28.75,EUR,2.28,0.88,-3.52,-2.54,9.69,4.05,-11.57,-37.70,171.78,142.96,1.79,2.39,28.37,28.79,28.58,28.17,28.30,52.75,2,SIDEWAYS,NEUTRAL
[object Object],FORTUM,Fortum Oyj,OMXHEX,20.24,EUR,0.15,-6.86,-9.56,-2.22,5.39,11.21,36.11,-10.28,60.13,345.81,2.12,2.52,20.92,21.56,21.26,20.23,18.51,37.71,2,SIDEWAYS,NEUTRAL
[object Object],EDP,EDP S.A.,EURONEXT,4.40,EUR,0.23,-1.12,-6.18,0.73,15.18,12.24,28.92,-4.33,44.57,92.14,2.14,2.15,4.44,4.54,4.46,4.33,4.13,45.72,2,SIDEWAYS,NEUTRAL
[object Object],AMUN,Amundi SA,EURONEXT,85.85,EUR,1.06,1.48,12.66,12.37,28.71,21.43,14.16,19.24,110.95,96.41,1.36,1.91,84.16,79.01,77.04,76.09,71.02,71.51,2,SIDEWAYS,OVERBOUGHT
[object Object],EMSN,EMS-CHEMIE HOLDING AG,SIX,666.50,CHF,0.60,-1.70,0.76,4.14,20.85,20.74,10.53,-19.75,39.44,548.66,1.59,1.60,666.95,659.28,643.14,620.28,601.02,54.78,2,SIDEWAYS,NEUTRAL
[object Object],UNI,UNIPOL ASSICURAZIONI SPA,MIL,22.33,EUR,0.22,-0.09,2.24,16.42,14.66,8.56,34.03,352.21,560.26,-61.74,1.68,1.83,22.15,21.89,20.93,20.43,19.44,58.06,2,SIDEWAYS,NEUTRAL
[object Object],DSFIR,DSM-Firmenich AG,EURONEXT,67.80,EUR,2.32,-2.02,8.48,7.65,-6.66,-1.65,-28.59,-40.00,-40.00,-40.00,2.33,2.21,65.68,64.09,61.93,63.91,69.67,63.38,2,SIDEWAYS,NEUTRAL
[object Object],RBI,Raiffeisen Bank International AG,VIE,47.26,EUR,0.04,3.32,8.64,11.73,42.35,23.33,79.42,141.25,304.97,26.54,2.92,3.25,46.00,43.97,41.47,40.75,35.69,62.76,2,SIDEWAYS,NEUTRAL
[object Object],BAER,Julius Baer Gruppe AG,SIX,67.94,CHF,1.95,5.33,13.84,5.76,15.70,8.18,16.74,20.67,72.31,44.58,1.98,2.07,65.46,62.69,61.63,63.27,59.77,71.30,2,SIDEWAYS,OVERBOUGHT
[object Object],AAF,Airtel Africa Plc,LSE,368.20,GBX,2.39,0.93,-3.36,12.53,19.62,3.49,116.84,357.39,378.18,378.18,12.12,5.18,372.34,365.00,360.84,354.08,303.57,50.51,2,SIDEWAYS,NEUTRAL
[object Object],EDPR,EDP Renovaveis SA,EURONEXT,14.16,EUR,-0.14,-2.88,0.07,7.44,21.96,18.00,51.04,-23.42,112.10,77.00,2.72,3.08,14.16,13.98,13.63,13.23,12.29,53.15,2,SIDEWAYS,NEUTRAL
[object Object],BOL,Bollore SE,EURONEXT,5.25,EUR,0.19,-2.87,7.24,9.52,11.15,10.03,-5.14,24.35,55.98,228.03,1.24,1.52,5.32,5.14,4.95,4.85,4.84,57.64,2,SIDEWAYS,NEUTRAL
[object Object],ELI,Elia Group SA/NV,EURONEXT,134.90,EUR,0.45,-2.95,-0.44,4.82,30.59,21.86,51.06,58.93,221.15,408.86,1.81,2.27,137.33,137.18,134.58,127.63,114.32,45.35,2,SIDEWAYS,NEUTRAL
[object Object],URW,Unibail-Rodamco-Westfield SE Stapled Secs Cons of 1 Sh Unibail Rodamco + 1 Sh WFD Unib Rod,EURONEXT,101.50,EUR,0.89,-2.64,-1.07,4.38,10.40,9.02,33.94,44.42,-56.67,-42.35,1.28,1.59,102.04,102.38,99.70,97.70,93.53,48.85,2,SIDEWAYS,NEUTRAL
[object Object],PEO,Bank Polska Kasa Opieki S.A.,GPW,238.50,PLN,2.19,0.42,-4.60,4.15,23.42,16.28,30.86,180.26,59.16,155.90,2.93,2.82,232.39,236.92,227.31,222.54,207.52,55.44,2,SIDEWAYS,NEUTRAL
[object Object],ANA,Acciona SA,BME,260.80,EUR,1.01,0.77,9.21,40.52,33.74,40.14,100.31,96.53,277.26,369.06,3.14,3.11,255.44,243.13,231.99,211.54,194.54,63.35,2,SIDEWAYS,NEUTRAL
[object Object],WISE,Wise Group plc Class A,LSE,1001.00,GBX,-0.89,-6.32,-5.07,13.11,8.75,12.22,-5.21,25.13,25.13,25.13,5.65,3.27,1051.74,1032.07,974.85,930.18,962.40,43.48,2,SIDEWAYS,NEUTRAL
[object Object],ENX,Euronext NV,EURONEXT,140.80,EUR,1.29,-1.33,-3.63,13.82,11.30,9.83,-3.69,66.23,305.28,695.00,1.75,1.77,141.19,143.45,141.11,132.62,132.20,47.53,2,SIDEWAYS,NEUTRAL
[object Object],EBP,Erste Bank Polska S.A.,GPW,609.60,PLN,5.28,-4.18,-6.93,1.40,21.73,11.85,15.63,169.62,133.12,772.10,4.37,3.46,608.52,626.59,600.12,584.13,544.99,48.83,2,SIDEWAYS,NEUTRAL
[object Object],SOBI,Swedish Orphan Biovitrum AB,OMXSTO,438.60,SEK,-0.14,1.06,8.73,6.82,29.38,30.93,43.99,223.60,325.57,1236.29,2.32,2.47,435.58,415.01,399.86,379.30,340.89,63.94,2,SIDEWAYS,NEUTRAL
[object Object],CON,Continental AG,XETR,69.22,EUR,0.52,1.05,6.59,-5.28,8.09,1.91,21.28,-10.81,-46.18,579.19,2.16,2.96,67.22,65.37,63.97,66.60,63.21,59.42,2,SIDEWAYS,NEUTRAL
[object Object],RTO,Rentokil Initial plc,LSE,475.90,GBX,0.40,-4.90,-3.57,8.18,18.97,6.47,34.93,0.78,171.94,255.15,1.81,1.87,487.08,490.85,480.69,469.25,430.97,41.99,2,SIDEWAYS,NEUTRAL
[object Object],IPN,Ipsen SA,EURONEXT,165.80,EUR,0.36,-4.22,-1.13,12.48,27.24,39.68,62.07,100.53,205.57,646.85,1.75,2.11,167.18,164.89,161.08,149.15,133.69,52.88,2,SIDEWAYS,NEUTRAL
[object Object],BCP,Banco Comercial Portugues S.A.,EURONEXT,0.94,EUR,1.95,1.65,4.80,6.70,15.16,5.08,55.93,500.00,127.17,-94.21,1.71,2.27,0.92,0.90,0.86,0.88,0.83,63.08,2,SIDEWAYS,NEUTRAL
[object Object],KRX,Kingspan Group PLC,EURONEXT,76.15,EUR,1.60,-4.27,-0.20,-8.20,12.90,2.77,-5.87,0.86,229.15,2784.47,2.77,2.83,77.52,77.26,76.15,76.12,72.86,46.53,2,SIDEWAYS,NEUTRAL
[object Object],PZU,Powszechny Zaklad Ubezpieczen Spolka Akcyjna,GPW,64.16,PLN,0.75,-2.82,-5.62,-7.71,5.46,-4.24,1.84,86.62,92.96,83.84,2.26,2.29,63.78,65.65,64.93,67.03,63.81,46.37,2,SIDEWAYS,NEUTRAL
[object Object],FGR,Eiffage SA,EURONEXT,132.75,EUR,-0.08,-6.65,-5.85,-1.96,18.26,8.72,9.62,44.29,92.39,438.46,2.19,2.26,137.24,138.00,136.33,132.56,123.06,41.26,2,SIDEWAYS,NEUTRAL
[object Object],CA,Carrefour SA,EURONEXT,17.18,EUR,-0.41,-0.03,4.40,11.34,26.83,20.98,25.21,0.53,-28.40,-5.47,2.24,1.95,17.03,16.65,16.14,15.36,14.13,61.92,2,SIDEWAYS,NEUTRAL
[object Object],LOGN,Logitech International S.A.,SIX,81.20,CHF,1.53,1.27,13.03,13.57,-13.78,1.50,12.50,-14.76,461.94,201.30,3.61,2.90,80.43,76.75,74.86,74.74,80.89,59.82,2,SIDEWAYS,NEUTRAL
[object Object],YAR,Yara International ASA,OSL,526.00,NOK,-2.34,-4.71,-7.78,17.36,38.79,27.05,52.20,20.09,81.94,892.45,2.55,3.50,534.78,543.15,533.10,482.40,427.42,46.73,2,SIDEWAYS,NEUTRAL
[object Object],TPRO,Technoprobe SpA,MIL,19.71,EUR,3.79,-0.95,18.73,10.05,76.14,57.68,183.19,215.87,215.87,215.87,5.02,4.67,19.27,17.63,16.63,16.00,12.49,64.36,2,SIDEWAYS,NEUTRAL
[object Object],ING,ING Bank Slaski S.A.,GPW,406.20,PLN,2.63,0.10,-11.89,-2.94,22.35,18.95,29.78,131.85,243.51,501.78,3.50,3.31,393.54,421.58,409.90,394.64,358.56,48.51,2,SIDEWAYS,NEUTRAL
[object Object],MBK,mBank SA,GPW,1250.00,PLN,4.87,4.60,-1.57,18.99,17.32,16.55,52.77,356.87,307.96,38707.82,4.14,3.86,1169.70,1192.10,1120.89,1081.18,1017.26,63.09,2,SIDEWAYS,NEUTRAL
[object Object],UU.,United Utilities Group PLC,LSE,1383.00,GBX,0.22,-3.39,1.73,3.56,15.68,15.49,30.66,39.58,44.67,125.98,2.12,2.42,1405.65,1368.18,1349.06,1304.77,1236.67,52.41,2,SIDEWAYS,NEUTRAL
[object Object],LUND_B,L E Lundbergforetagen AB Class B,OMXSTO,517.50,SEK,-0.96,-2.63,-5.91,-7.34,0.98,1.17,-0.67,9.55,135.23,1684.48,1.42,1.70,528.25,541.15,539.87,535.55,514.95,38.43,2,SIDEWAYS,NEUTRAL
[object Object],EVO,Evolution AB,OMXSTO,640.20,SEK,0.79,1.27,6.74,16.06,0.22,1.46,-2.50,-53.78,1051.44,3369.92,2.93,3.00,635.86,624.98,603.94,594.17,670.81,56.71,2,SIDEWAYS,NEUTRAL
[object Object],BG,BAWAG Group AG,VIE,148.10,EUR,0.07,-2.76,4.15,10.85,29.91,15.43,44.91,223.22,208.54,208.54,1.80,2.54,147.38,145.49,137.22,135.19,123.83,55.32,2,SIDEWAYS,NEUTRAL
[object Object],UHR,Swatch Group Ltd. Bearer,SIX,201.90,CHF,-2.65,10.33,9.14,1.08,12.79,19.50,37.21,-30.55,-33.87,13.43,7.45,3.68,193.48,185.60,180.37,180.30,168.44,61.11,2,SIDEWAYS,NEUTRAL
[object Object],ADM,Admiral Group plc,LSE,3294.00,GBX,3.85,0.70,-0.78,16.56,4.70,2.36,-0.72,12.50,78.63,1049.74,2.03,1.90,3269.20,3305.70,3240.54,3085.45,3197.18,51.65,2,SIDEWAYS,NEUTRAL
[object Object],VAR,Var Energi ASA,OSL,46.63,NOK,0.39,-0.79,-3.16,37.71,33.23,41.26,58.07,66.54,66.54,66.54,3.16,3.56,45.94,45.90,44.33,38.96,36.27,55.74,2,SIDEWAYS,NEUTRAL
[object Object],NDX1,Nordex SE,XETR,46.10,EUR,0.88,-4.08,0.48,45.15,73.31,58.09,153.16,174.97,112.98,1552.41,3.80,4.68,47.51,46.29,45.22,39.16,31.38,49.65,2,SIDEWAYS,NEUTRAL
[object Object],SVT,Severn Trent Plc,LSE,3134.00,GBX,0.84,-2.49,-1.82,-1.10,13.76,12.17,21.90,24.86,39.97,420.60,1.89,2.59,3161.60,3158.13,3126.08,3038.11,2855.54,49.36,2,SIDEWAYS,NEUTRAL
[object Object],BCVN,Banque Cantonale Vaudoise,SIX,114.40,CHF,0.62,-2.14,-14.88,8.44,19.17,14.06,21.06,31.04,73.99,1261.90,2.59,2.54,116.85,123.78,122.94,114.18,104.32,35.06,2,SIDEWAYS,NEUTRAL
[object Object],CNA,Centrica plc,LSE,202.20,GBX,0.70,-1.37,-4.62,4.28,18.52,19.12,39.40,272.51,0.05,271.67,1.85,2.49,205.26,208.42,205.77,195.01,181.30,45.60,2,SIDEWAYS,NEUTRAL
[object Object],IG,Italgas SpA,MIL,10.36,EUR,0.58,-0.96,-1.75,-3.00,11.16,9.57,56.71,99.43,171.61,378.43,1.51,2.04,10.32,10.34,10.26,10.24,9.28,51.61,2,SIDEWAYS,NEUTRAL
[object Object],SDR,Schroders PLC,LSE,583.00,GBX,0.34,0.17,0.78,-0.85,48.27,41.99,67.34,-2.74,38.00,281.47,0.22,0.26,580.75,579.42,578.46,526.39,455.66,68.38,2,SIDEWAYS,NEUTRAL
[object Object],ERF,Eurofins Scientific SE,EURONEXT,59.40,EUR,0.99,-1.00,-11.90,-7.53,0.00,-4.81,8.95,-28.18,83.19,43005.95,1.97,2.58,59.06,62.99,62.92,65.15,63.62,41.74,2,SIDEWAYS,NEUTRAL
[object Object],DPLM,Diploma PLC,LSE,6855.00,GBX,2.54,-5.19,2.31,25.66,31.07,28.61,60.76,152.39,796.08,7070.50,2.23,2.15,6923.00,6761.83,6255.30,5868.70,5638.75,55.31,2,SIDEWAYS,NEUTRAL
[object Object],SY1,Symrise AG,XETR,74.34,EUR,0.43,-1.01,2.12,-2.62,1.47,7.77,-25.99,-28.62,30.40,330.96,2.17,2.28,74.28,74.28,73.29,72.91,74.57,51.15,2,SIDEWAYS,NEUTRAL
[object Object],AC,Accor SA,EURONEXT,44.53,EUR,1.14,-1.04,-0.58,-9.64,-3.51,-7.23,-6.59,37.35,15.36,298.56,1.66,2.60,43.44,43.63,42.87,45.25,44.43,55.90,2,SIDEWAYS,NEUTRAL
[object Object],GET,Getlink SE,EURONEXT,18.57,EUR,-0.48,-3.28,-4.62,4.92,17.16,18.13,10.21,37.76,65.80,-38.10,1.08,1.50,18.73,19.14,18.56,17.65,16.70,44.46,2,SIDEWAYS,NEUTRAL
[object Object],PUIG,"Puig Brands, S.A. Class B",BME,17.14,EUR,-1.32,-2.94,-0.75,5.15,15.65,14.96,0.35,-32.78,-32.78,-32.78,1.96,2.39,17.46,17.61,16.86,16.45,15.64,44.32,2,SIDEWAYS,NEUTRAL
[object Object],LI,Klepierre SA,EURONEXT,34.20,EUR,0.47,-1.67,-1.67,3.70,0.00,1.48,4.59,46.66,-15.91,1559.46,1.73,1.54,34.39,34.52,33.72,33.57,33.49,48.16,2,SIDEWAYS,NEUTRAL
[object Object],ACKB,Ackermans & van Haaren NV,EURONEXT,286.60,EUR,0.70,-3.44,1.63,7.10,26.26,23.22,26.70,109.50,150.96,839.67,1.39,1.84,287.46,280.66,275.50,264.11,243.17,56.03,2,SIDEWAYS,NEUTRAL
[object Object],SUBC,Subsea 7 S.A.,OSL,331.80,NOK,3.17,-0.06,5.80,31.35,72.54,63.29,94.04,293.78,360.83,322.08,3.82,3.66,323.32,310.61,290.20,260.06,229.16,62.43,2,SIDEWAYS,NEUTRAL
[object Object],NDA,Aurubis AG,XETR,212.20,EUR,1.53,9.61,17.17,30.91,93.44,70.72,165.75,176.09,361.66,1415.71,5.66,4.09,193.31,183.10,173.09,161.95,133.50,72.74,2,SIDEWAYS,OVERBOUGHT
[object Object],MRL,"MERLIN Properties SOCIMI, S.A.",BME,14.97,EUR,2.18,-0.20,-0.27,13.15,15.24,20.73,41.76,64.61,59.24,87.54,2.14,2.25,14.77,14.86,14.48,13.69,13.29,54.69,2,SIDEWAYS,NEUTRAL
[object Object],SPM,Saipem S.p.A.,MIL,4.66,EUR,1.48,2.60,11.17,42.45,101.12,90.12,102.52,-10.36,-50.88,-6.42,2.56,3.82,4.53,4.27,3.94,3.44,2.90,66.00,2,SIDEWAYS,NEUTRAL
[object Object],ACLN,Accelleron Industries AG,SIX,86.75,CHF,2.72,0.46,8.30,18.35,38.03,40.49,81.11,381.94,381.94,381.94,3.12,3.06,86.21,82.02,78.38,73.52,70.34,59.45,2,SIDEWAYS,NEUTRAL
[object Object],LPP,LPP S.A.,GPW,20680.00,PLN,2.17,-8.25,-12.00,0.15,23.91,-0.62,24.88,89.72,290.19,42627.27,3.92,3.16,21198.00,22479.67,21420.10,20979.20,19064.72,40.42,2,SIDEWAYS,NEUTRAL
[object Object],BNZL,Bunzl plc,LSE,2350.00,GBX,-0.25,-4.08,-0.17,8.39,6.53,12.87,-6.82,2.17,13.91,770.38,1.91,1.98,2398.30,2363.93,2306.56,2200.29,2263.51,47.92,2,SIDEWAYS,NEUTRAL
[object Object],BZU,Buzzi Spa,MIL,46.79,EUR,-0.06,-4.51,-3.23,-0.78,-9.58,-10.45,-4.59,96.60,183.92,252.31,2.91,3.13,47.07,47.09,45.69,47.87,47.93,49.25,2,SIDEWAYS,NEUTRAL
[object Object],LOTB,Lotus Bakeries NV,EURONEXT,10760.00,EUR,2.48,-0.19,9.80,2.28,43.28,34.84,22.69,134.42,525.22,17878.28,1.80,2.15,10518.00,10154.33,10093.00,9759.80,8833.90,66.04,2,SIDEWAYS,NEUTRAL
[object Object],EVK,Evonik Industries AG,XETR,17.78,EUR,-0.39,1.54,3.07,11.13,26.46,32.88,-8.82,-39.95,-38.68,-46.12,2.98,2.63,17.64,17.29,16.18,15.06,15.06,58.78,2,SIDEWAYS,NEUTRAL
[object Object],SPIE,SPIE SA,EURONEXT,48.48,EUR,0.00,-6.41,2.71,-0.53,11.65,-0.78,14.02,135.57,181.86,185.18,1.50,2.55,49.60,47.75,47.16,47.99,47.64,50.80,2,SIDEWAYS,NEUTRAL
[object Object],ADDT_B,Addtech AB Class B,OMXSTO,325.60,SEK,1.06,-2.92,2.07,2.39,4.16,-0.61,-8.23,121.50,1070.70,9429.85,2.10,2.17,330.76,330.68,321.66,319.26,320.73,47.02,2,SIDEWAYS,NEUTRAL
[object Object],SECU_B,Securitas AB Class B,OMXSTO,151.50,SEK,0.26,-3.07,-9.55,-4.78,5.50,2.30,6.43,29.22,45.76,16.80,1.65,1.74,155.35,161.63,158.99,154.58,149.15,35.76,2,SIDEWAYS,NEUTRAL
[object Object],NIBE_B,NIBE Industrier AB Class B,OMXSTO,41.62,SEK,-0.98,-8.93,4.52,7.05,12.49,16.84,-9.95,-46.85,143.31,2267.10,3.28,3.28,43.26,41.52,39.05,37.78,37.96,49.70,2,SIDEWAYS,NEUTRAL
[object Object],GTT,Gaztransport & Technigaz SA,EURONEXT,207.40,EUR,0.19,-0.58,2.57,18.38,17.44,33.20,37.62,190.07,574.03,350.87,1.96,2.27,207.66,203.11,202.07,188.08,175.95,55.73,2,SIDEWAYS,NEUTRAL
[object Object],INPST,InPost S.A.,EURONEXT,15.25,EUR,0.26,0.26,0.53,0.53,54.20,45.79,-3.72,8.93,-19.74,-19.74,0.33,0.33,15.24,15.20,15.14,14.31,12.66,57.44,2,SIDEWAYS,NEUTRAL
[object Object],NKT,NKT A/S,OMXCOP,1056.00,DKK,7.26,10.29,14.16,24.09,48.84,32.25,103.08,339.31,643.21,1350.27,3.21,2.97,974.15,929.90,877.02,841.44,757.63,78.65,2,SIDEWAYS,OVERBOUGHT
[object Object],PSON,Pearson PLC,LSE,1104.50,GBX,1.38,-1.91,8.87,22.07,9.03,5.24,-6.32,29.45,37.20,102.13,2.32,2.23,1102.35,1064.75,1027.83,1000.04,1026.07,61.54,2,SIDEWAYS,NEUTRAL
[object Object],ALK_B,ALK-abello A/S Class B,OMXCOP,252.80,DKK,0.64,-1.48,19.70,18.91,10.20,10.59,52.75,91.23,311.06,641.35,1.84,3.18,252.18,228.39,221.61,220.86,214.77,68.91,2,SIDEWAYS,NEUTRAL
[object Object],IMI,IMI plc,LSE,2734.00,GBX,1.41,-4.94,-2.43,-3.12,11.23,9.27,43.14,66.20,178.27,770.70,2.72,2.39,2767.40,2779.00,2744.44,2727.72,2531.20,45.91,2,SIDEWAYS,NEUTRAL
[object Object],GAW,Games Workshop Group PLC,LSE,19570.00,GBX,1.08,-2.44,2.09,18.39,20.50,3.05,25.69,78.56,3977.08,10200.00,1.88,2.16,19645.00,19250.00,18540.40,18211.80,17170.75,56.71,2,SIDEWAYS,NEUTRAL
[object Object],NEX,Nexans SA,EURONEXT,167.90,EUR,0.78,0.72,29.15,19.93,37.29,33.04,61.75,127.51,288.03,331.87,2.36,3.31,162.91,142.57,132.76,130.82,129.05,73.86,2,SIDEWAYS,OVERBOUGHT
[object Object],ANDR,ANDRITZ AG,VIE,75.10,EUR,2.60,-1.18,11.09,3.44,16.80,12.09,19.02,65.05,70.06,2904.00,1.99,2.17,74.27,69.31,67.36,69.15,65.60,63.16,2,SIDEWAYS,NEUTRAL
[object Object],FRO,Frontline Plc,OSL,345.50,NOK,-2.76,-2.62,4.10,20.97,36.72,56.05,88.39,431.05,431.13,60.70,3.83,4.16,348.07,339.22,334.72,299.78,262.74,53.08,2,SIDEWAYS,NEUTRAL
[object Object],STB,Storebrand ASA,OSL,177.10,NOK,0.45,0.17,2.25,-0.06,9.73,2.43,37.82,125.32,433.59,245.58,1.23,1.73,177.12,174.34,173.80,173.21,164.10,54.44,2,SIDEWAYS,NEUTRAL
[object Object],SAVE,Nordnet AB,OMXSTO,301.40,SEK,-0.53,-3.64,-8.39,2.45,8.57,11.55,12.30,110.77,176.51,176.51,1.92,2.42,306.64,317.74,307.38,293.67,283.67,40.80,2,SIDEWAYS,NEUTRAL
[object Object],LTMC,Lottomatica Group S.P.A.,MIL,26.52,EUR,1.57,-4.84,-1.23,33.20,30.13,19.14,17.87,212.00,212.00,212.00,2.43,3.09,26.22,26.15,25.56,23.35,22.78,54.25,2,SIDEWAYS,NEUTRAL
[object Object],BGN,Banca Generali S.p.A.,MIL,58.10,EUR,0.96,0.35,7.69,7.00,9.83,1.04,4.31,78.00,148.82,560.23,1.48,1.98,56.69,55.32,53.66,55.14,52.78,61.50,2,SIDEWAYS,NEUTRAL
[object Object],AVOL,Avolta AG,SIX,44.04,CHF,-0.45,1.76,-14.90,-10.12,-0.63,-6.58,-0.41,-21.91,-64.31,-39.81,2.73,3.13,44.09,47.68,47.23,47.83,45.95,40.51,2,SIDEWAYS,NEUTRAL
[object Object],ELISA,Elisa Oyj Class A,OMXHEX,40.72,EUR,-0.63,-1.59,-2.63,-4.41,5.38,7.84,-9.23,-15.24,26.07,198.32,1.46,1.74,40.95,41.30,42.14,40.62,41.65,43.47,2,SIDEWAYS,NEUTRAL
[object Object],TE,Technip Energies NV,EURONEXT,37.16,EUR,0.76,-4.67,-7.10,14.62,4.38,14.76,16.71,212.40,209.67,209.67,2.49,3.13,37.96,38.94,36.78,34.93,36.28,44.61,2,SIDEWAYS,NEUTRAL
[object Object],SB1NO,SPAREBANK 1 SOR-NORGE ASA,OSL,185.80,NOK,-0.54,-5.78,-15.16,-7.10,5.57,-6.16,4.97,36.62,36.62,36.62,2.63,1.91,193.48,205.83,205.70,201.83,189.60,25.95,2,SIDEWAYS,OVERSOLD
[object Object],CPR,Davide Campari-Milano N.V.,MIL,5.42,EUR,1.69,-9.60,-19.07,-19.04,-6.64,-2.09,-6.96,-46.46,27.47,599.87,2.31,2.34,5.83,6.21,6.18,6.11,6.01,31.90,2,SIDEWAYS,NEUTRAL
[object Object],ELIS,Elis SA,EURONEXT,27.50,EUR,1.18,-0.72,5.28,2.61,10.71,13.54,20.30,75.16,71.35,122.56,1.44,1.86,27.09,26.36,25.76,25.52,24.88,62.03,2,SIDEWAYS,NEUTRAL
[object Object],VK,Vallourec SA,EURONEXT,27.34,EUR,1.56,11.91,16.34,48.91,61.68,72.55,54.68,157.74,-39.09,-12.27,5.25,3.56,25.15,24.07,22.36,20.00,17.93,71.17,2,SIDEWAYS,OVERBOUGHT
[object Object],SYENS,Syensqo SA/NV,EURONEXT,58.80,EUR,-2.08,-0.34,12.43,-26.59,-18.20,-14.06,-12.66,-34.67,-34.67,-34.67,3.06,3.05,57.78,54.64,51.93,62.06,66.61,59.97,2,SIDEWAYS,NEUTRAL
[object Object],HSX,Hiscox Ltd,LSE,1639.00,GBX,0.80,3.67,3.80,12.96,20.60,15.26,42.89,106.16,71.89,1182.35,1.71,1.88,1593.40,1580.30,1548.52,1503.40,1421.82,63.75,2,SIDEWAYS,NEUTRAL
[object Object],CDR,CD Projekt S.A.,GPW,259.30,PLN,1.25,-3.28,5.41,6.27,11.24,5.02,8.04,62.59,912.89,2721.58,2.58,3.52,262.75,264.38,255.55,253.38,253.10,46.34,2,SIDEWAYS,NEUTRAL
[object Object],AED,Aedifica SA,EURONEXT,68.50,EUR,-3.18,-5.78,-6.68,-9.21,3.24,1.03,2.85,-31.93,27.32,894856.89,1.48,1.61,71.51,72.47,72.08,72.83,68.39,30.29,2,SIDEWAYS,NEUTRAL
[object Object],SBMO,SBM Offshore NV,EURONEXT,35.36,EUR,0.91,-1.34,-4.38,18.98,46.36,43.62,87.09,141.61,221.31,195.78,3.07,2.67,35.83,35.71,34.69,31.63,27.18,49.56,2,SIDEWAYS,NEUTRAL
[object Object],INVP,Investec plc,LSE,610.00,GBX,1.08,-0.97,-4.24,-3.94,3.30,10.11,22.00,116.31,79.33,414.53,2.67,3.06,613.40,619.92,606.26,602.69,580.28,47.21,2,SIDEWAYS,NEUTRAL
[object Object],AIXA,AIXTRON SE,XETR,55.28,EUR,7.21,10.43,51.29,159.04,211.79,218.98,302.04,257.11,1232.05,517.65,5.86,6.06,49.61,43.39,39.02,29.89,22.29,70.12,2,SIDEWAYS,OVERBOUGHT
[object Object],HUBN,Huber + Suhner AG,SIX,287.00,CHF,3.61,15.73,43.50,60.51,103.55,92.10,278.63,307.67,517.20,803.94,4.60,4.00,256.35,221.97,203.16,182.06,157.68,81.34,2,SIDEWAYS,OVERBOUGHT
[object Object],IGG,IG Group Holdings plc,LSE,1538.00,GBX,1.65,-0.84,2.36,14.35,38.43,16.78,42.01,77.91,106.03,1171.07,1.54,1.61,1527.95,1507.48,1458.05,1396.68,1255.80,59.18,2,SIDEWAYS,NEUTRAL
[object Object],IMCD,IMCD N.V.,EURONEXT,96.40,EUR,-0.62,-1.47,4.51,4.71,18.17,23.75,-22.48,-22.88,167.89,338.18,2.67,3.66,97.91,95.07,87.16,83.97,86.00,55.18,2,SIDEWAYS,NEUTRAL
[object Object],DCC,DCC Plc,LSE,5955.00,GBX,2.67,2.67,16.65,16.08,20.94,28.84,25.37,-0.95,-3.01,1764.12,2.11,3.07,5756.00,5337.70,5071.38,4924.25,4882.29,69.89,2,SIDEWAYS,NEUTRAL
[object Object],SCR,SCOR SE,EURONEXT,31.52,EUR,1.29,0.06,-2.54,8.61,13.63,9.75,14.70,13.91,7.63,36.75,1.69,2.00,30.97,31.67,31.08,29.77,29.06,51.65,2,SIDEWAYS,NEUTRAL
[object Object],MYCR,Mycronic AB,OMXSTO,301.20,SEK,3.79,1.83,27.30,55.95,45.02,34.98,46.93,129.57,938.62,3121.39,2.95,2.88,294.24,266.60,244.13,225.82,219.52,67.94,2,SIDEWAYS,NEUTRAL
[object Object],BGEO,Lion Finance Group PLC,LSE,10990.00,GBX,2.14,-3.68,-0.09,11.80,38.24,18.17,64.40,891.88,654.14,1860.52,3.34,2.91,10979.00,10864.00,10498.90,10149.45,9039.17,52.85,2,SIDEWAYS,NEUTRAL
[object Object],CAST,Castellum AB,OMXSTO,123.10,SEK,0.08,2.54,5.76,12.83,15.91,15.80,9.33,-29.48,32.46,800.75,1.84,2.05,120.74,119.43,115.89,112.31,110.28,59.61,2,SIDEWAYS,NEUTRAL
[object Object],ZAB,Zabka Group,GPW,22.82,PLN,1.06,-4.12,-1.21,2.84,-1.21,-0.78,-0.39,-0.78,-0.78,-0.78,2.35,2.87,23.09,23.53,22.52,22.44,22.22,44.75,2,SIDEWAYS,NEUTRAL
[object Object],SFSN,SFS Group AG,SIX,123.20,CHF,0.98,0.98,1.32,-1.75,21.02,12.00,7.13,2.41,80.25,83.88,1.90,1.94,121.12,121.25,119.74,117.66,112.19,55.89,2,SIDEWAYS,NEUTRAL
[object Object],TEMN,Temenos AG,SIX,69.80,CHF,-3.19,-7.85,1.82,5.28,-6.31,-12.48,13.59,-46.14,32.57,238.83,3.17,3.37,73.93,73.53,73.28,73.18,71.32,38.83,2,SIDEWAYS,NEUTRAL
[object Object],SIGN,SIG Group AG,SIX,12.24,CHF,-0.08,-4.67,2.17,-4.38,46.41,4.79,-27.10,-47.01,3.29,3.29,2.48,3.10,12.67,12.01,11.89,11.81,11.14,50.98,2,SIDEWAYS,NEUTRAL
[object Object],VPK,Royal Vopak NV,EURONEXT,46.64,EUR,0.87,6.63,8.11,7.42,23.26,22.74,22.93,21.17,-0.07,567.30,1.55,2.15,44.33,43.86,45.00,43.16,41.35,66.32,2,SIDEWAYS,NEUTRAL
[object Object],EDEN,Edenred SA,EURONEXT,21.34,EUR,0.19,-0.84,15.35,17.35,8.68,12.64,-22.65,-53.73,31.40,64.15,2.10,2.76,21.24,20.04,19.28,18.74,20.36,63.36,2,SIDEWAYS,NEUTRAL
[object Object],ALLFG,Allfunds Group plc,EURONEXT,8.38,EUR,0.42,-4.39,-2.27,4.16,32.05,4.10,57.32,-38.22,-33.72,-33.72,1.20,1.48,8.58,8.62,8.55,8.31,7.39,39.18,2,SIDEWAYS,NEUTRAL
[object Object],GL9,Glanbia PLC,EURONEXT,20.48,EUR,3.38,2.50,20.33,21.54,36.53,42.02,73.27,47.87,23.41,1283.78,2.22,2.33,19.71,18.03,17.69,16.75,15.50,76.61,2,SIDEWAYS,OVERBOUGHT
[object Object],AZA,Avanza Bank Holding AB,OMXSTO,322.10,SEK,-1.14,-2.36,-16.75,-3.56,-10.40,-8.86,-6.20,14.22,422.04,3956.69,2.23,2.73,330.10,359.53,350.77,346.18,351.31,33.14,2,SIDEWAYS,NEUTRAL
[object Object],BBY,Balfour Beatty plc,LSE,835.00,GBX,-0.18,-3.64,2.71,10.30,26.32,17.36,69.03,175.58,252.32,615.51,2.37,2.43,842.70,820.15,790.43,762.26,700.53,54.82,2,SIDEWAYS,NEUTRAL
[object Object],SECT_B,Sectra AB Class B,OMXSTO,259.20,SEK,0.15,-0.99,10.67,38.46,-10.62,3.35,-15.84,142.51,1212.50,772.37,2.57,2.65,260.18,253.33,238.63,229.14,271.69,56.72,2,SIDEWAYS,NEUTRAL
[object Object],LAGR_B,Lagercrantz Group AB Class B,OMXSTO,242.20,SEK,0.25,-0.74,13.18,17.69,11.61,13.60,1.34,175.23,819.75,6172.82,2.45,2.37,242.22,229.63,219.23,212.66,216.45,59.54,2,SIDEWAYS,NEUTRAL
[object Object],ZEG,Zegona Communications Plc,LSE,1760.00,GBX,2.33,-2.11,-1.01,5.71,50.43,27.08,166.67,1184.67,1308.00,1285.83,4.36,3.89,1798.00,1770.13,1749.18,1655.29,1438.79,48.69,2,SIDEWAYS,NEUTRAL
[object Object],NEXI,Nexi S.p.A.,MIL,3.80,EUR,-0.47,-9.62,10.99,17.78,-7.30,-10.07,-30.22,-76.05,-56.62,-56.62,4.39,4.24,4.04,3.74,3.43,3.55,4.13,50.22,2,SIDEWAYS,NEUTRAL
[object Object],AZN,AstraZeneca PLC,LSE,13740.00,GBX,-0.19,0.41,-8.53,-8.31,2.05,0.13,35.18,74.37,250.87,357.39,2.43,2.21,13577.00,14339.67,14346.12,14283.32,13356.30,43.70,1,DOWN,NEUTRAL
[object Object],NOVN,Novartis AG,SIX,116.80,CHF,0.78,1.32,-3.47,-5.01,11.86,6.36,27.32,47.21,79.40,95.75,1.93,2.05,114.53,117.37,119.02,118.06,109.70,51.09,1,DOWN,NEUTRAL
[object Object],NESN,Nestle S.A.,SIX,76.88,CHF,-0.57,-1.73,-2.61,-2.01,-4.93,-1.71,-10.66,-28.97,5.03,105.01,1.84,1.79,77.80,78.33,78.56,77.97,77.00,44.50,1,DOWN,NEUTRAL
[object Object],SIE,Siemens Aktiengesellschaft,XETR,273.70,EUR,2.59,1.37,18.31,8.61,20.20,14.54,21.94,90.57,191.95,1773.00,2.50,2.93,263.58,244.02,233.60,241.12,237.25,70.72,1,DOWN,OVERBOUGHT
[object Object],SHELL,Shell Plc,EURONEXT,36.34,EUR,0.07,-1.36,-8.20,9.57,11.90,15.49,20.03,129.26,62.02,631.19,1.10,2.11,36.98,38.18,38.32,35.26,33.34,39.72,1,DOWN,NEUTRAL
[object Object],OR,L'Oreal S.A.,EURONEXT,358.90,EUR,0.93,-4.37,0.76,-2.87,-0.31,-1.93,-6.55,1.60,126.58,10560.44,1.95,2.12,361.74,360.32,358.71,371.07,373.98,48.25,1,DOWN,NEUTRAL
[object Object],NOVO_B,Novo Nordisk A/S Class B,OMXCOP,299.20,DKK,0.91,-0.27,25.58,-3.55,-4.86,-9.06,-33.51,27.32,68.28,34358.34,3.03,3.98,289.36,261.51,253.83,293.52,316.05,69.11,1,DOWN,NEUTRAL
[object Object],SAN,"Banco Santander, S.A.",BME,10.25,EUR,-0.31,-3.92,-2.77,0.53,9.27,1.95,50.68,210.77,170.40,512.24,1.84,2.52,10.33,10.35,10.05,10.26,9.46,48.65,1,DOWN,NEUTRAL
[object Object],ALV,Allianz SE,XETR,380.30,EUR,2.15,-3.23,-0.03,3.26,2.48,-2.51,8.29,74.73,174.49,225.76,1.57,1.68,379.20,380.99,369.86,374.55,367.54,51.26,1,DOWN,NEUTRAL
[object Object],AIR,Airbus SE,EURONEXT,172.74,EUR,-0.40,-8.54,0.64,-9.08,-16.79,-12.37,6.91,73.43,212.82,224.39,2.23,3.40,177.49,172.22,171.18,184.84,190.06,48.57,1,DOWN,NEUTRAL
[object Object],DTE,Deutsche Telekom AG,XETR,27.82,EUR,-0.50,-0.14,-4.60,-13.06,2.69,-0.47,-11.99,64.05,73.66,71.94,2.74,2.63,27.58,28.73,30.25,29.79,29.46,42.83,1,DOWN,NEUTRAL
[object Object],BATS,British American Tobacco p.l.c.,LSE,4962.00,GBX,3.22,13.81,14.65,10.96,19.62,19.02,62.90,74.81,18.31,1426.77,3.16,3.03,4468.30,4339.10,4362.96,4349.33,4227.89,74.86,1,DOWN,OVERBOUGHT
[object Object],UBSG,UBS Group AG,SIX,36.22,CHF,3.87,4.14,11.45,10.49,17.64,-2.90,34.35,165.83,152.40,80.04,1.88,2.23,34.90,33.40,32.01,33.77,32.69,71.49,1,DOWN,OVERBOUGHT
[object Object],BBVA,"Banco Bilbao Vizcaya Argentaria, S.A.",BME,18.96,EUR,1.72,0.26,-4.27,-3.73,2.51,-4.94,43.13,284.69,246.90,43.27,2.06,2.61,18.66,19.01,18.73,19.57,18.24,51.51,1,DOWN,NEUTRAL
[object Object],BNP,BNP Paribas S.A. Class A,EURONEXT,92.03,EUR,0.68,-1.77,1.41,0.85,33.28,14.41,16.26,61.06,109.95,342.01,1.61,2.43,91.05,89.92,88.03,88.19,81.75,54.57,1,DOWN,NEUTRAL
[object Object],CFR,Compagnie Financiere Richemont SA,SIX,156.55,CHF,1.36,5.03,3.81,-2.91,-8.98,-8.72,1.00,66.51,156.64,420.10,2.90,2.75,152.53,150.87,146.33,154.30,153.11,57.96,1,DOWN,NEUTRAL
[object Object],ISP,Intesa Sanpaolo S.p.A.,MIL,5.83,EUR,1.96,-2.90,1.85,-0.24,-1.59,-1.59,18.90,143.56,164.82,79.92,2.27,2.14,5.80,5.70,5.49,5.69,5.60,55.46,1,DOWN,NEUTRAL
[object Object],ZURN,Zurich Insurance Group Ltd,SIX,563.00,CHF,4.07,3.30,2.85,2.29,-2.09,-6.01,-1.71,47.69,141.73,-11.83,1.60,1.57,544.64,553.11,548.92,560.70,565.80,58.06,1,DOWN,NEUTRAL
[object Object],SAN,Sanofi SA,EURONEXT,73.24,EUR,0.72,-2.12,-7.91,-6.71,-18.55,-11.55,-18.36,-15.78,5.31,1083.20,1.43,1.97,74.58,78.76,78.45,79.57,81.86,32.56,1,DOWN,NEUTRAL
[object Object],GSK,GSK plc,LSE,1872.50,GBX,-0.72,-0.29,-13.71,-13.71,3.71,2.43,38.19,35.81,28.07,147.84,2.02,2.52,1875.75,2025.12,2027.75,2000.92,1808.64,34.65,1,DOWN,NEUTRAL
[object Object],PRX,Prosus N.V. Class N,EURONEXT,38.72,EUR,-3.24,-8.68,-6.67,-10.94,-36.23,-28.00,-16.10,-0.54,11.05,11.05,3.71,2.97,40.55,41.27,41.73,45.43,50.67,38.43,1,DOWN,NEUTRAL
[object Object],CABK,CaixaBank SA,BME,10.97,EUR,2.24,-0.05,2.24,4.92,15.87,5.07,48.55,289.88,362.69,131.67,1.78,2.06,10.80,10.65,10.42,10.53,9.78,58.73,1,DOWN,NEUTRAL
[object Object],ATCO_A,Atlas Copco AB Class A,OMXSTO,174.45,SEK,-0.99,-1.44,-1.44,-10.63,11.83,4.96,7.39,47.14,277.09,2228.52,2.45,2.90,177.15,178.38,175.40,179.24,168.46,44.96,1,DOWN,NEUTRAL
[object Object],NG.,National Grid plc,LSE,1290.50,GBX,1.14,-0.30,-2.09,-4.51,10.20,13.40,28.47,50.98,39.50,198.74,2.35,2.09,1288.41,1295.43,1299.88,1271.59,1183.62,50.06,1,DOWN,NEUTRAL
[object Object],INGA,ING Groep N.V.,EURONEXT,25.95,EUR,2.05,0.80,4.30,5.85,15.31,8.08,39.34,138.47,146.39,18.24,1.53,2.14,25.21,24.43,23.67,24.16,22.85,63.35,1,DOWN,NEUTRAL
[object Object],RACE,Ferrari NV,MIL,287.00,EUR,1.36,-0.49,-4.97,-12.63,-20.48,-9.75,-34.77,75.00,642.75,567.44,2.52,2.82,285.96,295.98,293.69,299.92,337.30,45.76,1,DOWN,NEUTRAL
[object Object],BARC,Barclays PLC,LSE,434.70,GBX,2.92,-2.09,-0.98,-6.52,3.91,-8.92,37.19,138.43,165.06,171.47,2.62,2.86,429.88,429.45,416.16,446.04,418.99,53.33,1,DOWN,NEUTRAL
[object Object],BA.,BAE Systems plc,LSE,1923.00,GBX,-0.29,-7.73,-14.09,-0.34,7.79,12.23,13.79,275.44,296.25,4927.45,3.28,2.94,1987.01,2118.64,2160.18,2061.89,1943.58,33.22,1,DOWN,NEUTRAL
[object Object],LLOY,Lloyds Banking Group plc,LSE,96.60,GBX,1.62,-3.23,-4.56,-6.89,7.00,-1.67,31.39,102.54,46.76,-25.71,3.11,2.75,97.33,98.97,97.30,99.83,93.01,47.08,1,DOWN,NEUTRAL
[object Object],VOLV_B,Volvo AB Class B,OMXSTO,318.00,SEK,-0.31,-1.15,-0.69,-9.25,19.50,7.11,15.22,47.91,244.16,747.98,1.66,2.07,321.14,319.23,318.81,320.27,298.03,47.96,1,DOWN,NEUTRAL
[object Object],MUV2,Munchener Ruckversicherungs-Gesellschaft AG,XETR,468.20,EUR,1.32,-10.00,-15.64,-13.52,-15.40,-16.72,-15.88,92.56,193.73,631.53,2.75,2.14,496.37,533.61,532.00,532.83,539.81,26.28,1,DOWN,OVERSOLD
[object Object],MRK,Merck KGaA,XETR,120.75,EUR,-0.33,5.18,6.25,-4.17,-0.12,-2.31,-4.47,-14.18,45.48,513.67,2.42,2.62,113.91,113.12,111.60,118.55,115.53,63.89,1,DOWN,NEUTRAL
[object Object],NDA_FI,Nordea Bank Abp,OMXHEX,15.45,EUR,-0.13,-2.86,-1.22,-8.09,2.62,-4.13,23.02,83.02,87.10,168.61,1.72,1.72,15.69,15.65,15.59,16.01,15.04,43.68,1,DOWN,NEUTRAL
[object Object],NWG,NatWest Group Plc,LSE,570.40,GBX,1.13,-1.28,-7.82,-4.93,-6.43,-12.65,16.50,175.86,152.82,-62.04,3.18,2.72,570.14,586.68,577.02,608.17,584.46,47.02,1,DOWN,NEUTRAL
[object Object],ACA,Credit Agricole SA,EURONEXT,17.17,EUR,0.85,-0.20,-0.38,-3.86,4.22,-1.89,0.67,28.63,95.11,4.42,1.36,1.90,16.95,17.05,16.84,17.38,16.90,52.61,1,DOWN,NEUTRAL
[object Object],DBK,Deutsche Bank Aktiengesellschaft,XETR,27.41,EUR,0.92,0.22,-1.77,-11.01,-15.11,-17.22,11.04,133.32,112.39,39.51,1.70,2.34,26.87,27.18,26.75,29.47,30.02,52.96,1,DOWN,NEUTRAL
[object Object],DSV,DSV A/S,OMXCOP,1591.50,DKK,-1.12,8.27,-3.19,-16.74,11.22,-1.21,4.88,14.41,442.99,6849.78,3.32,3.44,1529.70,1604.83,1600.61,1650.69,1529.44,50.69,1,DOWN,NEUTRAL
[object Object],EOAN,E.ON SE,XETR,18.42,EUR,-1.68,0.93,-5.20,0.00,21.74,14.09,25.43,73.54,152.84,266.35,2.37,2.16,18.35,18.91,18.97,18.21,16.98,46.61,1,DOWN,NEUTRAL
[object Object],MBG,Mercedes-Benz Group AG,XETR,51.02,EUR,0.51,0.97,-6.97,-10.49,-14.14,-15.04,-5.40,-17.01,3.63,128.97,1.76,2.53,49.86,51.36,52.25,55.59,55.18,50.08,1,DOWN,NEUTRAL
[object Object],BMW,Bayerische Motoren Werke AG,XETR,76.38,EUR,-5.35,-7.10,-10.04,-13.17,-13.69,-17.99,-9.07,-8.89,2.17,1091.26,1.97,2.36,79.47,80.57,80.09,84.98,85.61,39.04,1,DOWN,NEUTRAL
[object Object],STAN,Standard Chartered PLC,LSE,1912.00,GBX,1.41,0.02,10.01,9.95,17.73,4.77,65.54,281.64,278.61,567.23,2.12,2.56,1874.09,1777.87,1707.63,1764.57,1627.69,63.05,1,DOWN,NEUTRAL
[object Object],REL,RELX PLC,LSE,2365.00,GBX,1.37,-7.29,-5.81,12.62,-24.27,-21.69,-40.01,28.08,92.90,416.38,3.44,3.26,2520.80,2582.47,2564.78,2629.06,2999.74,32.61,1,DOWN,NEUTRAL
[object Object],CPG,Compass Group PLC,LSE,33.31,USD,2.81,11.26,22.60,28.56,6.60,9.75,3.34,69.19,104.73,255.97,5.76,4.49,30.17,29.04,28.67,28.70,30.43,74.86,1,DOWN,OVERBOUGHT
[object Object],KBC,KBC Group N.V.,EURONEXT,113.80,EUR,1.07,-2.49,-2.57,-1.90,5.32,2.25,34.96,66.62,144.21,205.91,1.76,1.86,113.68,113.92,111.10,113.53,108.08,50.96,1,DOWN,NEUTRAL
[object Object],HO,Thales SA,EURONEXT,223.00,EUR,-0.31,-7.70,-16.17,-9.50,-7.89,-2.62,-6.89,158.16,191.69,703.60,2.77,2.85,230.59,246.98,246.72,249.28,244.91,33.00,1,DOWN,NEUTRAL
[object Object],HOLN,Holcim Ltd,SIX,76.26,CHF,1.14,5.45,5.71,-1.60,5.04,-2.23,55.53,177.93,256.41,73.51,2.12,2.17,73.63,71.59,68.93,72.81,70.87,67.81,1,DOWN,NEUTRAL
[object Object],ARGX,argenx SE,EURONEXT,694.20,EUR,1.02,0.17,1.91,-1.59,-9.06,-2.69,42.96,215.55,6016.30,8067.06,2.73,2.86,683.22,678.90,652.79,677.90,678.51,56.62,1,DOWN,NEUTRAL
[object Object],CBK,Commerzbank AG,XETR,36.63,EUR,1.30,-0.70,5.02,7.29,6.89,1.81,40.29,462.24,420.61,-59.63,2.61,3.02,35.86,34.82,33.40,34.15,33.52,58.80,1,DOWN,NEUTRAL
[object Object],GALD,Galderma Group AG,SIX,158.35,CHF,-3.09,-4.87,0.06,4.52,6.28,-3.45,57.88,159.59,159.59,159.59,2.41,2.61,164.08,158.93,154.45,154.56,148.85,48.14,1,DOWN,NEUTRAL
[object Object],EBS,Erste Group Bank AG,VIE,97.10,EUR,0.15,-2.41,-7.96,-7.70,5.66,-5.64,35.80,199.69,318.35,766.30,2.30,2.81,97.04,99.69,97.22,101.11,93.92,46.43,1,DOWN,NEUTRAL
[object Object],SCMN,Swisscom AG,SIX,678.00,CHF,0.67,1.04,0.30,2.49,15.50,17.81,27.68,36.50,39.42,5.94,2.17,1.69,667.35,665.75,682.91,655.61,618.35,56.60,1,DOWN,NEUTRAL
[object Object],DGE,Diageo plc,LSE,1500.00,GBX,0.94,-3.23,2.15,-18.17,-17.76,-6.34,-29.01,-53.42,-20.34,153.38,2.08,2.30,1506.45,1474.21,1465.78,1577.74,1708.11,51.59,1,DOWN,NEUTRAL
[object Object],DNB,DNB Bank ASA,OSL,276.30,NOK,0.00,-1.36,-10.58,-6.69,3.02,-2.13,4.66,53.50,182.80,781.73,1.51,1.52,279.34,292.20,292.63,288.87,277.81,36.05,1,DOWN,NEUTRAL
[object Object],SHL,Siemens Healthineers AG,XETR,34.11,EUR,0.53,-1.44,-10.14,-15.44,-20.91,-23.98,-30.39,-27.12,17.22,17.22,1.66,2.32,34.36,36.08,36.97,40.21,43.19,37.06,1,DOWN,NEUTRAL
[object Object],BAYN,Bayer AG,XETR,38.18,EUR,0.55,-0.91,-6.51,-15.72,29.01,3.19,54.57,-31.98,-60.00,184.97,3.28,3.17,37.79,39.10,38.89,40.53,34.53,47.44,1,DOWN,NEUTRAL
[object Object],SGO,Compagnie de Saint-Gobain SA,EURONEXT,76.60,EUR,0.87,-4.37,-0.10,-14.09,-7.93,-11.73,-24.75,38.52,99.87,246.92,2.00,2.90,77.48,76.52,74.76,80.37,85.08,49.09,1,DOWN,NEUTRAL
[object Object],UMG,Universal Music Group N.V.,EURONEXT,20.03,EUR,2.85,5.42,4.32,0.60,-9.82,-9.69,-25.79,-20.67,-20.67,-20.67,2.34,2.56,19.18,19.30,18.42,19.56,21.52,58.57,1,DOWN,NEUTRAL
[object Object],HEIA,Heineken NV,EURONEXT,64.82,EUR,0.56,-3.25,-4.62,-18.63,-8.81,-6.73,-16.51,-34.59,-21.60,94.96,1.33,2.07,65.36,66.78,67.71,69.67,68.97,41.36,1,DOWN,NEUTRAL
[object Object],SREN,Swiss Re AG,SIX,119.45,CHF,-0.29,-5.57,-11.19,-7.30,-18.71,-8.96,-17.93,38.09,38.90,142.74,2.42,1.93,123.99,128.80,129.01,128.47,136.62,32.40,1,DOWN,NEUTRAL
[object Object],LONN,Lonza Group AG,SIX,474.20,CHF,-0.82,-4.61,-6.91,-7.02,-13.02,-11.00,-17.96,-14.56,203.82,450.50,2.46,2.41,481.95,501.06,497.66,516.56,533.73,38.37,1,DOWN,NEUTRAL
[object Object],ASSA_B,ASSA ABLOY AB Class B,OMXSTO,339.50,SEK,-1.25,-4.23,-5.98,-12.52,-4.04,-5.22,9.73,36.62,106.51,753.39,2.27,2.10,351.07,357.83,353.46,361.24,351.12,36.06,1,DOWN,NEUTRAL
[object Object],DANSKE,Danske Bank A/S,OMXCOP,322.60,DKK,0.59,0.19,-1.04,-5.12,8.26,1.29,30.08,176.67,78.73,172.36,1.52,1.78,322.37,323.58,321.76,323.18,300.03,49.17,1,DOWN,NEUTRAL
[object Object],SSE,SSE PLC,LSE,2459.00,GBX,0.37,-2.98,-8.71,-6.07,10.42,13.16,47.11,63.01,60.30,266.47,2.42,2.65,2522.75,2606.60,2612.12,2509.76,2198.89,38.87,1,DOWN,NEUTRAL
[object Object],PRU,Prudential plc,LSE,1168.00,GBX,1.26,-1.72,3.18,7.55,8.10,1.17,32.73,-22.26,-7.45,264.83,2.00,2.36,1137.75,1118.87,1100.73,1128.85,1079.68,60.32,1,DOWN,NEUTRAL
[object Object],EQT,EQT AB,OMXSTO,305.40,SEK,0.43,-2.92,4.95,2.97,-7.34,-15.75,3.77,15.11,279.38,279.38,2.20,2.80,307.88,305.27,295.01,312.31,322.10,49.70,1,DOWN,NEUTRAL
[object Object],HEI,Heidelberg Materials AG,XETR,182.20,EUR,-0.79,-4.43,-3.60,-4.86,-14.30,-19.42,-2.31,142.67,142.13,370.76,2.48,2.93,185.62,185.92,181.07,199.90,201.67,44.88,1,DOWN,NEUTRAL
[object Object],FRES,Fresnillo PLC,LSE,3707.00,GBX,-2.03,6.86,2.97,-1.41,57.61,9.87,269.96,318.02,232.76,599.43,5.64,5.41,3513.10,3499.27,3466.76,3613.76,2914.24,56.35,1,DOWN,NEUTRAL
[object Object],AD,Koninklijke Ahold Delhaize N.V.,EURONEXT,36.51,EUR,0.03,-5.29,-11.19,-7.26,0.33,5.03,1.47,55.30,77.58,86.11,1.46,1.78,37.86,40.06,40.45,38.09,36.58,23.71,1,DOWN,OVERSOLD
[object Object],PST,Poste Italiane SpA,MIL,24.38,EUR,1.54,4.73,9.33,6.37,15.38,13.87,33.77,119.05,261.19,250.79,2.25,1.88,23.34,22.36,21.86,22.10,21.17,73.29,1,DOWN,OVERBOUGHT
[object Object],BMPS,Banca Monte dei Paschi di Siena S.p.A.,MIL,9.46,EUR,-0.23,-0.05,15.58,13.82,8.11,1.77,12.68,-61.96,-99.19,-99.99,3.03,2.86,9.29,8.73,8.17,8.48,8.15,71.29,1,DOWN,OVERBOUGHT
[object Object],MAERSK_B,A.P. Moller - Maersk A/S Class B,OMXCOP,14695.00,DKK,2.83,-4.89,-7.95,-3.61,18.51,0.62,16.81,-1.14,73.70,121.50,4.54,3.38,14719.00,15226.50,15940.00,15558.85,14376.68,44.32,1,DOWN,NEUTRAL
[object Object],ADYEN,Adyen NV,EURONEXT,898.00,EUR,2.05,-7.40,-0.32,-3.53,-36.08,-34.93,-47.18,-47.44,124.50,124.50,3.56,3.82,935.86,926.34,917.79,1079.95,1245.04,41.54,1,DOWN,NEUTRAL
[object Object],ALC,Alcon AG,SIX,49.61,CHF,-1.10,-12.16,-18.57,-18.78,-19.96,-20.45,-37.47,-19.54,-9.80,-9.80,3.32,2.58,53.21,58.42,59.61,61.33,62.36,24.50,1,DOWN,OVERSOLD
[object Object],GIVN,Givaudan SA,SIX,2683.00,CHF,-2.86,-2.79,-4.38,-13.14,-22.39,-14.61,-32.38,-29.97,37.59,422.60,1.83,2.03,2761.30,2791.27,2789.98,2946.25,3159.68,35.30,1,DOWN,NEUTRAL
[object Object],ABN,ABN AMRO Bank N.V. Depositary receipts,EURONEXT,32.89,EUR,3.53,8.01,11.72,15.08,17.89,10.74,65.82,205.95,88.97,80.91,1.87,2.04,30.18,29.54,28.62,29.34,27.96,71.58,1,DOWN,OVERBOUGHT
[object Object],EXPN,Experian PLC,LSE,2564.00,GBX,1.50,-4.42,-1.65,6.74,-23.19,-24.21,-34.59,-3.39,105.28,357.86,3.25,2.78,2650.45,2688.42,2686.61,2821.46,3216.51,39.97,1,DOWN,NEUTRAL
[object Object],BPE,BPER Banca S.p.A.,MIL,12.68,EUR,1.55,-2.08,2.84,3.47,19.74,9.31,58.70,532.42,334.64,415.81,1.93,2.44,12.59,12.24,11.74,11.84,10.73,57.35,1,DOWN,NEUTRAL
[object Object],KNEBV,KONE Oyj Class B,OMXHEX,49.83,EUR,-1.25,-5.62,-13.76,-16.64,-14.82,-17.31,-8.23,-25.14,26.28,713.55,1.90,2.36,52.03,55.30,55.97,58.77,57.67,25.30,1,DOWN,OVERSOLD
[object Object],ADS,adidas AG,XETR,146.80,EUR,1.94,-2.07,7.51,-4.08,-9.86,-13.49,-34.35,-49.27,32.97,253.39,3.15,2.90,145.29,141.25,140.00,148.88,160.44,54.98,1,DOWN,NEUTRAL
[object Object],DSY,Dassault Systemes SE,EURONEXT,19.61,EUR,2.83,-1.28,11.35,7.98,-18.30,-17.93,-43.05,-47.19,42.12,1498.61,2.29,3.04,19.45,18.66,18.30,20.11,23.19,58.84,1,DOWN,NEUTRAL
[object Object],PGHN,Partners Group Holding AG,SIX,883.60,CHF,0.05,1.10,2.72,-7.38,-6.56,-12.51,-25.12,-32.39,123.55,1005.19,1.65,2.61,873.70,886.13,858.77,923.51,976.89,50.43,1,DOWN,NEUTRAL
[object Object],SIKA,Sika AG,SIX,140.95,CHF,0.61,-1.78,3.07,-11.10,-9.06,-13.61,-34.93,-48.31,102.41,1536.02,1.99,2.41,143.08,142.36,140.38,148.19,161.31,45.97,1,DOWN,NEUTRAL
[object Object],REP,Repsol SA,BME,22.33,EUR,-0.76,2.48,3.00,33.04,31.43,39.91,88.44,105.47,95.02,-2.91,1.74,3.24,22.39,22.00,22.27,19.48,17.24,53.34,1,DOWN,NEUTRAL
[object Object],STLAM,Stellantis N.V.,MIL,6.70,EUR,3.54,1.70,-1.87,1.47,-26.51,-28.70,-31.75,-55.22,6.51,-1.63,3.42,4.09,6.38,6.69,6.38,7.24,7.95,53.27,1,DOWN,NEUTRAL
[object Object],KOG,Kongsberg Gruppen ASA,OSL,292.30,NOK,-1.95,-11.42,-28.57,-19.47,18.63,12.06,-7.76,586.15,1174.47,5240.62,4.85,3.81,308.60,356.22,373.53,347.29,316.62,28.68,1,DOWN,OVERSOLD
[object Object],NSIS_B,Novonesis A/S Class B,OMXCOP,378.20,DKK,0.32,-5.92,-0.99,-2.27,-9.50,-7.12,-12.27,-13.83,19.08,1067.28,2.68,2.47,385.79,384.29,374.57,385.51,394.56,47.02,1,DOWN,NEUTRAL
[object Object],AMS,Amadeus IT Group SA Class A,BME,51.26,EUR,0.67,1.10,4.08,6.22,-23.88,-18.43,-28.31,-13.88,29.74,230.71,3.08,3.11,50.42,50.36,50.74,53.71,60.42,52.90,1,DOWN,NEUTRAL
[object Object],AM,Dassault Aviation SA,EURONEXT,284.20,EUR,0.42,-7.61,-14.04,-12.45,3.20,4.33,-5.27,189.70,187.01,11408.13,2.47,2.60,293.38,310.55,319.73,317.85,296.96,33.35,1,DOWN,NEUTRAL
[object Object],ML,Cie Generale des Etablissements Michelin SA,EURONEXT,31.74,EUR,0.57,-1.55,4.10,-5.42,10.09,11.80,-8.16,2.26,39.84,331.09,1.13,2.01,31.56,31.16,30.65,30.93,30.29,55.29,1,DOWN,NEUTRAL
[object Object],AV.,Aviva plc,LSE,628.00,GBX,1.75,0.19,-0.16,0.83,-2.21,-8.43,9.56,55.41,14.98,-52.22,3.31,2.10,622.35,627.52,626.88,643.09,652.40,50.93,1,DOWN,NEUTRAL
[object Object],FRE,Fresenius SE & Co. KGaA,XETR,39.07,EUR,1.93,-2.06,-12.71,-22.69,-19.92,-20.36,-7.26,-12.95,-39.73,346.68,2.51,2.63,39.99,42.13,43.64,46.55,46.76,34.90,1,DOWN,NEUTRAL
[object Object],EXO,EXOR N.V.,EURONEXT,66.70,EUR,0.83,-1.91,-4.65,-7.55,-11.24,-8.50,-24.42,-1.91,-1.91,-1.91,2.13,1.91,67.00,68.00,67.90,69.95,74.75,45.03,1,DOWN,NEUTRAL
[object Object],IAG,International Consolidated Airlines Group SA,LSE,384.40,GBX,-1.81,-2.86,-0.67,-10.56,-1.69,-7.17,18.28,96.85,14.59,28.85,4.34,3.64,386.55,382.88,374.24,399.53,395.57,50.12,1,DOWN,NEUTRAL
[object Object],TEL,Telenor ASA,OSL,157.50,NOK,0.45,2.67,-6.47,-10.87,8.25,7.36,4.51,7.22,16.24,319.49,1.83,1.83,154.14,161.35,164.90,160.89,159.98,44.99,1,DOWN,NEUTRAL
[object Object],BAMI,Banco BPM SpA,MIL,13.33,EUR,1.06,3.41,4.88,8.37,0.76,2.38,29.54,393.70,313.02,-76.25,2.14,2.68,12.78,12.59,12.21,12.44,12.35,66.08,1,DOWN,NEUTRAL
[object Object],PUB,Publicis Groupe SA,EURONEXT,77.62,EUR,1.54,-4.71,3.52,6.47,-10.64,-12.83,-19.40,39.91,23.50,1008.86,2.30,2.23,79.44,77.39,75.60,78.85,80.88,49.00,1,DOWN,NEUTRAL
[object Object],IHG,InterContinental Hotels Group PLC,LSE,151.45,USD,1.20,0.73,8.84,4.30,15.26,8.18,22.92,125.22,284.03,1697.48,2.54,2.93,147.40,142.74,138.13,138.80,131.65,63.22,1,DOWN,NEUTRAL
[object Object],CCH,Coca-Cola HBC AG,LSE,4172.00,GBX,-2.16,-3.25,-5.85,-11.57,13.86,8.36,11.43,63.48,200.79,138.40,2.38,2.31,4277.70,4293.07,4342.92,4253.88,3952.55,42.50,1,DOWN,NEUTRAL
[object Object],KGH,KGHM Polska Miedz S.A.,GPW,367.90,PLN,-3.18,10.45,20.19,17.46,89.64,30.65,181.05,64.61,457.51,1465.53,4.52,4.13,336.07,318.09,302.71,305.33,236.69,66.25,1,DOWN,NEUTRAL
[object Object],KPN,Royal KPN NV,EURONEXT,4.58,EUR,0.46,-0.28,-4.14,-2.18,15.58,15.20,18.20,63.23,32.44,30.39,1.26,1.73,4.58,4.67,4.71,4.45,4.24,45.35,1,DOWN,NEUTRAL
[object Object],NXT,Next plc,LSE,12630.00,GBX,1.08,-4.06,-6.24,-0.94,-11.37,-7.81,3.14,56.78,137.63,4911.90,2.17,2.29,12856.50,13114.67,12921.80,13180.15,13044.18,42.20,1,DOWN,NEUTRAL
[object Object],HEIO,Heineken Holding N.V.,EURONEXT,60.05,EUR,0.67,-2.44,-5.88,-16.19,-3.61,-4.07,-13.91,-29.27,-16.38,148.96,1.29,1.93,60.27,61.59,62.76,63.86,61.92,42.78,1,DOWN,NEUTRAL
[object Object],KBX,Knorr-Bremse AG,XETR,104.20,EUR,1.46,0.29,0.29,-1.23,23.61,10.03,17.34,0.29,30.09,30.09,2.29,2.92,101.48,101.39,101.10,101.46,93.26,56.91,1,DOWN,NEUTRAL
[object Object],SAB,Banco de Sabadell SA,BME,3.32,EUR,0.88,-1.19,0.91,3.69,3.33,-1.34,22.46,392.44,121.87,-12.97,1.78,2.28,3.30,3.25,3.17,3.22,3.24,55.62,1,DOWN,NEUTRAL
[object Object],CSG,CSG N.V.,EURONEXT,16.20,EUR,1.57,-5.77,-28.43,-44.46,-49.38,-49.38,-49.38,-49.38,-49.38,-49.38,4.89,7.07,16.30,20.06,23.37,0.00,0.00,30.43,1,DOWN,NEUTRAL
[object Object],LGEN,Legal & General Group Plc,LSE,263.80,GBX,6.16,4.27,1.09,-2.44,10.70,0.80,10.65,-5.79,23.21,433.18,2.29,1.91,251.53,256.63,252.71,258.87,251.45,58.82,1,DOWN,NEUTRAL
[object Object],BIRG,Bank of Ireland Group PLC,EURONEXT,16.86,EUR,1.05,-2.01,1.17,1.90,7.84,3.40,45.74,221.05,137.39,137.39,1.62,2.33,16.69,16.41,16.08,16.38,15.21,55.83,1,DOWN,NEUTRAL
[object Object],DIM,Sartorius Stedim Biotech SA,EURONEXT,163.10,EUR,1.43,-2.51,-7.07,-3.95,-14.79,-22.11,-19.85,-54.72,195.90,652300.00,3.10,4.38,161.87,168.54,167.81,181.85,185.43,46.93,1,DOWN,NEUTRAL
[object Object],STMN,Straumann Holding AG,SIX,83.54,CHF,0.00,-2.75,0.29,-15.90,-16.92,-11.05,-25.84,-37.14,125.02,1686.95,2.67,2.87,85.05,85.34,84.28,90.19,92.28,45.05,1,DOWN,NEUTRAL
[object Object],GALP,"Galp Energia, SGPS S.A. Class B",EURONEXT,19.35,EUR,0.21,0.94,-0.41,8.80,6.46,33.26,34.14,86.60,64.26,227.41,1.53,2.71,19.41,19.60,19.95,18.19,17.38,47.63,1,DOWN,NEUTRAL
[object Object],BMED,Banca Mediolanum SpA,MIL,19.76,EUR,2.84,2.86,4.77,11.76,4.05,1.49,35.34,150.13,177.53,1183.92,2.12,2.05,19.09,18.69,17.99,18.56,17.95,65.29,1,DOWN,NEUTRAL
[object Object],CVC,CVC Capital Partners plc,EURONEXT,13.17,EUR,-0.60,-3.52,14.12,0.46,-6.53,-7.51,-19.70,-24.05,-24.05,-24.05,1.74,2.72,13.28,12.53,12.03,12.96,14.09,59.17,1,DOWN,NEUTRAL
[object Object],GMAB,Genmab A/S,OMXCOP,1684.00,DKK,-1.66,-4.29,-5.21,-11.60,-13.29,-15.59,24.93,-24.55,66.07,622.75,4.97,3.26,1705.25,1740.18,1731.85,1874.71,1845.05,44.98,1,DOWN,NEUTRAL
[object Object],UPM,UPM-Kymmene Oyj,OMXHEX,25.34,EUR,0.64,-2.46,-4.92,-8.52,4.67,1.77,1.28,-22.03,53.30,23.16,1.70,2.15,25.38,26.00,26.02,25.57,24.53,44.64,1,DOWN,NEUTRAL
[object Object],SRT3,Sartorius AG Pref,XETR,213.50,EUR,0.99,-5.24,-2.47,-4.04,-6.20,-13.77,-8.25,-48.98,290.85,11844.06,3.79,4.68,217.22,220.00,218.39,231.49,223.51,44.97,1,DOWN,NEUTRAL
[object Object],FBK,FinecoBank SpA,MIL,21.63,EUR,0.93,-2.39,2.03,10.16,0.75,-2.17,16.73,52.32,240.09,440.75,1.70,2.15,21.43,21.12,20.26,20.93,20.17,56.71,1,DOWN,NEUTRAL
[object Object],MAP,Mapfre SA,BME,4.21,EUR,-0.05,-0.09,1.49,10.78,2.58,-1.27,28.81,119.83,97.28,225.00,1.25,1.82,4.18,4.13,3.96,4.00,3.96,59.48,1,DOWN,NEUTRAL
[object Object],VSURE,Verisure Plc,OMXSTO,11.84,EUR,4.32,7.64,25.82,-10.75,-26.09,-15.25,-18.90,-18.90,-18.90,-18.90,5.02,5.53,11.07,10.41,9.75,11.35,0.00,64.42,1,DOWN,NEUTRAL
[object Object],BKT,Bankinter SA,BME,13.84,EUR,1.84,-2.81,-5.98,0.65,1.50,-2.09,23.53,191.88,207.18,208.03,1.81,1.86,13.91,14.18,13.84,14.03,13.63,46.01,1,DOWN,NEUTRAL
[object Object],LIFCO_B,Lifco AB Class B,OMXSTO,278.60,SEK,-0.57,-1.42,-3.47,-11.72,-21.21,-21.08,-30.35,64.66,544.91,1166.36,2.15,2.70,282.78,292.95,292.30,309.89,326.14,39.33,1,DOWN,NEUTRAL
[object Object],TEL2_B,Tele2 AB Class B,OMXSTO,181.70,SEK,-1.92,-1.86,-7.77,-2.18,25.31,17.57,31.33,64.58,144.41,68.17,1.46,1.99,185.26,189.57,189.82,178.21,166.95,38.21,1,DOWN,NEUTRAL
[object Object],INF,Informa Plc,LSE,802.00,GBX,1.42,-2.88,2.14,-2.50,-13.33,-9.85,0.10,46.95,31.00,236.34,2.23,2.16,804.36,800.35,787.44,827.00,870.98,50.52,1,DOWN,NEUTRAL
[object Object],KRZ,Kerry Group PLC,EURONEXT,72.60,EUR,1.18,-0.55,9.01,-6.56,-9.42,-5.28,-21.51,-33.33,-9.25,374.51,2.08,1.96,71.75,69.13,68.83,71.93,75.25,62.86,1,DOWN,NEUTRAL
[object Object],SPSN,Swiss Prime Site AG,SIX,129.20,CHF,-1.00,-3.73,-5.76,-5.28,11.38,5.21,13.93,44.92,52.54,160.39,1.68,1.59,132.41,135.12,136.93,133.14,123.30,31.93,1,DOWN,NEUTRAL
[object Object],RXL,Rexel SA,EURONEXT,38.07,EUR,1.96,-0.65,2.06,2.81,24.86,13.44,50.47,116.80,190.72,130.73,2.27,2.92,37.23,36.42,35.14,35.25,32.13,58.82,1,DOWN,NEUTRAL
[object Object],AGN,Aegon Ltd.,EURONEXT,7.26,EUR,0.58,0.78,5.99,12.32,6.83,8.95,19.54,78.72,64.16,-74.75,1.36,1.70,7.11,6.87,6.56,6.56,6.58,68.81,1,DOWN,NEUTRAL
[object Object],FME,Fresenius Medical Care AG,XETR,36.99,EUR,1.26,2.75,-8.21,-9.82,-8.98,-9.32,-26.55,-44.74,-50.46,59.58,2.69,2.74,37.10,38.50,38.74,39.05,41.08,43.73,1,DOWN,NEUTRAL
[object Object],BEAN,BELIMO Holding AG,SIX,788.50,CHF,9.29,8.24,12.56,-12.05,0.25,-1.99,3.68,121.18,483.21,2485.25,3.80,3.20,737.75,713.35,701.07,769.91,804.56,63.49,1,DOWN,NEUTRAL
[object Object],LATO_B,Investment AB Latour Class B,OMXSTO,193.60,SEK,-1.83,-5.51,-10.00,-16.87,-16.98,-14.11,-27.84,-22.99,125.12,1743.83,1.98,2.59,203.62,214.02,209.72,217.41,226.91,31.91,1,DOWN,NEUTRAL
[object Object],ADP,Aeroports de Paris,EURONEXT,107.80,EUR,2.47,-0.46,-4.60,-2.88,-11.57,-2.80,-5.19,-6.59,0.28,153900.00,1.69,2.81,105.66,109.17,107.61,110.69,114.24,50.46,1,DOWN,NEUTRAL
[object Object],ORK,Orkla ASA,OSL,109.30,NOK,-0.27,-2.32,-11.14,-12.70,0.55,-3.27,0.92,29.84,45.15,276.90,1.45,1.38,111.58,117.07,118.47,117.67,112.60,29.39,1,DOWN,OVERSOLD
[object Object],GBLB,Groupe Bruxelles Lambert SA,EURONEXT,77.45,EUR,-5.89,-5.72,-4.62,-6.40,4.38,2.18,7.79,-14.83,5.42,35.51,1.43,1.27,80.85,80.42,79.78,79.98,77.64,37.70,1,DOWN,NEUTRAL
[object Object],ITRK,Intertek Group plc,LSE,5675.00,GBX,1.70,11.10,30.04,28.92,14.00,22.57,15.11,-3.52,71.71,1204.60,4.18,4.05,5122.80,4602.10,4267.86,4412.17,4587.98,76.85,1,DOWN,OVERBOUGHT
[object Object],SKF_B,SKF AB Class B,OMXSTO,234.20,SEK,0.86,0.90,-1.06,-8.80,-1.84,-4.80,11.42,4.74,61.85,588.82,1.97,2.57,233.62,233.79,231.24,240.30,240.05,50.29,1,DOWN,NEUTRAL
[object Object],DIE,D'Ieteren Group SA/NV,EURONEXT,174.60,EUR,1.28,-5.52,3.07,-10.87,14.42,11.78,-7.28,97.29,341.69,898.28,1.37,2.38,176.37,174.36,172.34,174.93,168.67,49.12,1,DOWN,NEUTRAL
[object Object],AYV,Ayvens,EURONEXT,11.46,EUR,0.88,0.09,6.11,5.04,3.62,0.09,31.12,-8.18,-12.16,-12.16,1.72,2.73,11.31,11.00,10.54,11.02,10.66,60.37,1,DOWN,NEUTRAL
[object Object],SGE,Sage Group plc,LSE,855.00,GBX,0.87,-3.85,1.33,7.74,-21.63,-21.20,-33.62,32.97,45.04,4175.00,2.60,2.84,878.76,876.13,858.92,908.80,1009.39,44.32,1,DOWN,NEUTRAL
[object Object],IDR,"Indra Sistemas, S.A. Class A",BME,50.72,EUR,1.64,-5.83,0.04,1.14,1.44,4.15,72.28,523.48,416.29,306.41,3.52,4.43,50.97,51.21,52.79,53.05,47.08,48.08,1,DOWN,NEUTRAL
[object Object],G1A,GEA Group Aktiengesellschaft,XETR,55.45,EUR,2.31,-6.57,-11.21,-11.56,-6.02,-3.98,-2.12,54.93,34.98,504.69,3.08,2.12,57.44,60.15,60.76,61.00,61.28,32.82,1,DOWN,NEUTRAL
[object Object],BEZ,Beazley Plc,LSE,1280.50,GBX,0.08,0.12,0.55,3.52,41.88,52.71,46.68,313.06,279.07,1500.63,0.14,0.16,1278.55,1274.97,1276.90,1166.63,1009.88,66.73,1,DOWN,NEUTRAL
[object Object],SDLF,Standard Life plc,LSE,765.50,GBX,2.41,0.51,8.80,2.34,14.08,3.59,27.16,4.81,19.02,48.37,2.46,2.42,756.83,743.16,721.34,731.65,701.31,57.01,1,DOWN,NEUTRAL
[object Object],SMIN,Smiths Group Plc,LSE,2538.00,GBX,2.34,-2.53,0.40,-2.98,1.85,6.91,25.15,63.22,136.09,350.60,1.89,2.14,2514.30,2503.73,2468.80,2507.40,2450.52,53.91,1,DOWN,NEUTRAL
[object Object],BKW,BKW AG,SIX,149.20,CHF,-1.13,-4.36,-5.51,-0.86,-10.17,-12.90,-6.22,48.90,254.82,397.33,1.64,1.66,153.39,156.88,154.13,156.38,164.23,31.12,1,DOWN,NEUTRAL
[object Object],HAG,HENSOLDT AG,XETR,75.60,EUR,1.75,-7.67,-4.09,-4.91,-11.58,1.00,11.92,472.73,559.69,559.69,5.14,4.89,76.10,77.96,77.13,79.37,84.53,48.08,1,DOWN,NEUTRAL
[object Object],AKZA,Akzo Nobel N.V.,EURONEXT,49.85,EUR,0.81,-3.13,-1.99,-17.58,-15.42,-16.16,-15.48,-51.53,-27.57,-12.17,1.71,2.38,50.00,50.93,51.00,55.15,56.65,45.62,1,DOWN,NEUTRAL
[object Object],MNG,M&G Plc,LSE,308.60,GBX,0.95,0.85,5.14,-1.25,14.13,7.49,42.15,30.71,40.27,40.27,1.72,1.92,303.86,296.41,294.04,298.80,280.90,59.29,1,DOWN,NEUTRAL
[object Object],ABVX,Abivax SA,EURONEXT,103.50,EUR,-1.33,-4.87,-0.38,-1.05,17.08,-11.84,1781.82,381.40,885.71,364.13,4.05,4.11,104.17,101.73,100.83,102.79,91.58,52.32,1,DOWN,NEUTRAL
[object Object],VOE,voestalpine AG,VIE,46.20,EUR,0.79,-0.04,8.71,4.71,34.07,23.46,89.34,26.92,64.41,380.00,2.62,3.49,44.93,42.78,41.70,41.71,36.41,61.15,1,DOWN,NEUTRAL
[object Object],RNO,Renault SA,EURONEXT,28.31,EUR,0.75,-8.65,-8.68,-11.94,-22.92,-20.21,-42.13,-15.49,-64.92,12.56,2.51,3.07,29.11,30.20,29.46,31.23,32.80,41.44,1,DOWN,NEUTRAL
[object Object],KESKOB,Kesko Oyj Class B,OMXHEX,20.34,EUR,0.49,-1.83,2.42,-4.06,10.72,5.28,0.99,-21.92,134.74,526.33,1.32,1.61,20.60,20.14,19.96,20.11,19.38,50.71,1,DOWN,NEUTRAL
[object Object],DHER,Delivery Hero SE,XETR,28.25,EUR,7.62,34.52,63.44,41.25,56.38,24.01,5.33,-72.94,5.02,5.02,10.12,6.40,22.52,19.74,18.56,20.70,21.75,81.82,1,DOWN,OVERBOUGHT
[object Object],SBRY,J Sainsbury plc,LSE,306.80,GBX,0.56,-5.60,-12.52,-12.39,-5.31,-5.66,12.05,18.00,21.03,-42.02,2.17,2.10,315.97,335.61,337.03,334.03,327.37,27.61,1,DOWN,OVERSOLD
[object Object],TREL_B,Trelleborg AB Class B,OMXSTO,392.00,SEK,2.94,1.66,4.42,-2.00,1.08,-0.51,7.93,79.00,166.49,1016.57,1.86,2.27,384.90,378.20,368.96,377.71,374.58,57.16,1,DOWN,NEUTRAL
[object Object],RED,Redeia Corporacion SA,BME,14.49,EUR,0.28,-2.23,-4.04,-8.29,-3.72,-4.98,-17.95,-10.25,-25.49,851.72,1.17,1.59,14.65,14.88,14.85,15.03,15.54,39.46,1,DOWN,NEUTRAL
[object Object],ALE,Allegro.eu S.A.,GPW,30.67,PLN,0.92,-2.01,9.30,2.63,-11.38,-1.06,-12.17,-41.02,-52.82,-52.82,3.66,2.85,30.06,29.18,28.25,29.14,31.91,59.10,1,DOWN,NEUTRAL
[object Object],PSPN,PSP Swiss Property AG,SIX,147.60,CHF,-0.54,-3.47,-6.76,-6.46,5.58,3.43,5.43,29.36,62.20,288.42,2.10,1.70,151.50,155.71,157.72,154.24,145.82,28.25,1,DOWN,OVERSOLD
[object Object],A2A,A2A S.p.A.,MIL,2.34,EUR,0.99,-2.38,-6.93,-5.80,-3.43,1.21,7.60,35.91,91.24,115.99,2.22,2.26,2.35,2.41,2.40,2.41,2.35,43.27,1,DOWN,NEUTRAL
[object Object],MRO,Melrose Industries PLC,LSE,487.10,GBX,-0.02,-6.51,-8.41,-22.01,-20.54,-17.72,1.18,42.97,215.69,1648.25,2.73,3.71,495.64,513.38,513.23,568.80,583.41,42.43,1,DOWN,NEUTRAL
[object Object],UNI,Unicaja Banco S.A.,BME,2.76,EUR,1.47,0.36,-1.43,4.23,10.48,-0.29,46.29,211.74,136.07,136.07,1.53,2.29,2.73,2.73,2.64,2.70,2.56,54.76,1,DOWN,NEUTRAL
[object Object],JYSK,Jyske Bank A/S,OMXCOP,895.00,DKK,0.45,2.11,-1.86,-7.78,14.09,2.87,50.17,192.96,250.43,1201.45,1.83,1.79,884.50,897.85,890.96,904.27,816.71,51.60,1,DOWN,NEUTRAL
[object Object],SW,Sodexo SA,EURONEXT,47.36,EUR,3.14,6.43,22.38,2.51,1.20,8.62,-17.28,-24.81,-29.00,563.53,3.14,2.72,44.12,43.15,43.40,43.89,47.16,66.66,1,DOWN,NEUTRAL
[object Object],PIRC,Pirelli & C. S.p.A.,MIL,6.18,EUR,0.98,-0.48,1.39,-4.19,1.78,5.14,1.34,31.35,-4.78,-4.78,2.26,2.40,6.07,6.03,5.94,6.08,6.03,56.86,1,DOWN,NEUTRAL
[object Object],DNP,Dino Polska SA,GPW,29.17,PLN,2.35,-10.66,-16.15,-23.52,-30.22,-29.93,-47.35,7.36,706.92,706.92,3.54,2.95,30.63,32.84,35.48,37.75,41.24,28.48,1,DOWN,OVERSOLD
[object Object],TKA,thyssenkrupp AG,XETR,10.82,EUR,3.94,-3.39,26.55,1.55,15.11,14.86,66.01,63.45,-15.39,146.70,4.52,5.43,10.45,9.22,8.88,9.71,8.86,63.11,1,DOWN,NEUTRAL
[object Object],DEMANT,Demant A/S,OMXCOP,235.80,DKK,-0.84,4.71,20.18,28.71,5.93,9.57,-8.11,-21.40,77.29,383.20,2.61,3.36,224.22,210.59,200.87,204.53,219.16,65.48,1,DOWN,NEUTRAL
[object Object],INDT,Indutrade AB,OMXSTO,192.20,SEK,0.05,-2.04,-12.64,-16.51,-18.97,-20.05,-29.85,-9.68,268.04,2277.74,1.99,3.20,196.13,216.06,214.75,222.83,229.56,33.23,1,DOWN,NEUTRAL
[object Object],AAK,AAK AB,OMXSTO,263.60,SEK,0.61,0.84,6.55,4.35,-2.01,0.15,6.89,41.30,153.46,1021.71,1.72,2.03,263.58,251.95,244.20,248.81,254.14,61.00,1,DOWN,NEUTRAL
[object Object],SQN,Swissquote Group Holding Ltd.,SIX,386.40,CHF,-0.51,-0.92,-3.69,-5.34,-18.48,-21.94,-14.17,194.96,1500.00,1333.77,3.01,2.97,390.40,401.51,400.96,425.05,468.01,41.95,1,DOWN,NEUTRAL
[object Object],VZN,VZ Holding AG,SIX,145.60,CHF,1.82,-4.71,-5.82,0.83,-3.70,-2.28,-18.57,89.34,143.27,708.89,2.39,2.14,149.48,152.51,151.18,151.37,157.02,40.84,1,DOWN,NEUTRAL
[object Object],UMI,Umicore SA,EURONEXT,25.76,EUR,-0.77,21.51,46.11,37.09,51.53,43.51,195.75,-48.48,14.88,574.75,4.90,3.92,21.70,18.70,17.87,18.48,16.76,87.22,1,DOWN,OVERBOUGHT
[object Object],ISS,ISS A/S,OMXCOP,264.60,DKK,1.38,4.50,8.89,1.38,25.52,21.49,61.74,97.46,3.81,51.20,1.65,2.13,253.90,242.55,234.12,234.34,217.26,73.82,1,DOWN,OVERBOUGHT
[object Object],KBCA,KBC Ancora SCA,EURONEXT,79.80,EUR,1.66,-0.75,2.84,4.45,8.72,8.42,30.39,108.90,173.10,-9.37,1.84,1.85,78.72,77.31,75.09,75.75,72.14,58.45,1,DOWN,NEUTRAL
[object Object],SPX,Spirax Group plc.,LSE,7145.00,GBX,1.49,-6.23,-2.82,-7.81,0.92,2.29,11.82,-40.48,108.61,1194.38,3.12,2.79,7285.00,7274.13,7125.58,7220.29,7058.80,46.38,1,DOWN,NEUTRAL
[object Object],ICG,ICG plc,LSE,1871.00,GBX,1.30,-1.89,8.65,10.38,-2.20,-7.92,-9.70,-6.92,192.12,1732.59,2.17,3.27,1870.60,1781.20,1686.50,1782.88,1945.34,61.98,1,DOWN,NEUTRAL
[object Object],KGX,KION GROUP AG,XETR,45.91,EUR,1.50,-6.11,1.57,-29.37,-26.25,-33.17,6.82,-46.49,-1.86,91.21,2.41,3.85,46.19,45.29,46.14,55.15,56.93,49.17,1,DOWN,NEUTRAL
[object Object],ALSYDB,AL Sydbank A/S,OMXCOP,528.00,DKK,0.86,-1.40,-3.47,-4.35,-6.22,-7.37,-6.22,-6.22,-6.22,-6.22,1.69,1.94,535.15,543.20,534.45,546.65,0.00,43.25,1,DOWN,NEUTRAL
[object Object],SAGA_B,AB Sagax Class B,OMXSTO,174.30,SEK,-1.36,-3.70,-5.68,-2.63,-15.39,-11.61,-16.60,-18.63,380.83,1415.65,2.91,2.84,180.96,183.81,179.70,185.71,195.86,38.87,1,DOWN,NEUTRAL
[object Object],BALD_B,Fastighets AB Balder Class B,OMXSTO,53.32,SEK,-0.82,-3.05,-8.85,-18.62,-20.04,-21.82,-18.99,-34.23,56.44,2240.88,2.80,2.53,54.76,57.04,58.35,62.48,65.30,32.08,1,DOWN,NEUTRAL
[object Object],QIA,QIAGEN NV,XETR,28.59,EUR,0.85,-3.41,-20.92,-33.15,-28.95,-29.83,-28.37,-33.83,28.13,13.72,2.91,2.90,28.67,32.26,33.90,38.09,40.27,29.62,1,DOWN,OVERSOLD
[object Object],BEIJ_B,Beijer Ref AB Class B,OMXSTO,123.80,SEK,0.41,-4.18,-10.42,-9.57,-18.39,-16.97,-19.84,5.46,517.68,4866.64,2.12,2.47,126.92,134.26,132.76,136.39,146.35,35.39,1,DOWN,NEUTRAL
[object Object],BC,Brunello Cucinelli S.p.A.,MIL,83.12,EUR,0.10,-3.12,0.68,-2.92,-8.32,-16.04,-24.13,89.34,381.58,714.90,2.46,2.73,83.34,82.67,78.94,83.64,88.85,52.16,1,DOWN,NEUTRAL
[object Object],HER,Hera S.p.A.,MIL,3.87,EUR,0.47,-4.06,-7.50,-9.40,-4.63,-3.34,-4.35,13.61,50.97,213.32,1.69,1.93,3.92,4.04,4.04,4.11,3.98,38.23,0,DOWN,NEUTRAL
[object Object],ROCK_B,ROCKWOOL A/S Class B,OMXCOP,193.00,DKK,2.39,3.93,4.66,-17.01,-7.21,-14.49,-37.01,-32.87,75.93,865.00,3.77,3.42,187.56,187.31,184.52,201.97,220.05,54.83,1,DOWN,NEUTRAL
[object Object],DLG,De'Longhi S.p.A.,MIL,36.70,EUR,-0.38,3.67,5.82,-1.08,7.94,-0.27,17.33,1.33,61.82,1110.75,4.14,2.74,34.98,33.84,33.33,35.50,33.54,64.33,1,DOWN,NEUTRAL
[object Object],G24,Scout24 SE,XETR,75.00,EUR,-2.72,8.15,14.42,10.62,-16.01,-12.64,-30.36,15.53,120.56,143.90,5.80,3.98,71.73,69.26,69.03,74.36,88.57,61.44,1,DOWN,NEUTRAL
[object Object],AXFO,Axfood AB,OMXSTO,270.60,SEK,-1.28,-3.50,-15.07,-18.52,1.16,-6.98,2.11,22.60,89.12,1405.66,1.72,1.89,278.89,302.34,309.50,308.76,297.01,23.77,1,DOWN,OVERSOLD
[object Object],GFC,Gecina SA,EURONEXT,71.85,EUR,0.42,-2.38,0.49,-3.75,-11.84,-11.19,-19.54,-44.54,-40.28,287.79,1.18,1.50,72.49,71.75,70.81,74.59,78.66,49.26,1,DOWN,NEUTRAL
[object Object],WDP,Warehouses De Pauw SA,EURONEXT,22.18,EUR,1.00,-2.03,-7.27,-11.49,-0.54,0.64,7.88,-25.27,92.38,533.88,1.33,1.84,22.25,23.29,23.28,23.48,22.58,38.38,1,DOWN,NEUTRAL
[object Object],AZM,Azimut Holding Spa,MIL,36.24,EUR,1.09,-3.36,2.29,4.23,11.68,1.40,34.72,74.91,112.83,1050.08,2.04,2.44,36.00,35.78,34.57,35.21,33.78,54.24,1,DOWN,NEUTRAL
[object Object],ZAL,Zalando SE,XETR,19.45,EUR,0.59,-3.83,-11.65,-6.20,-17.21,-23.65,-39.81,-77.19,-34.15,224.25,4.09,3.92,20.14,21.39,21.36,22.35,23.52,34.24,1,DOWN,NEUTRAL
[object Object],PNDORA,Pandora A/S,OMXCOP,516.20,DKK,1.02,-6.15,7.10,-3.94,-34.24,-27.19,-53.58,-30.52,-45.95,128.91,3.90,3.55,517.20,498.93,485.64,530.32,692.71,53.48,1,DOWN,NEUTRAL
[object Object],RILBA,Ringkjobing Landbobank A/S,OMXCOP,1541.00,DKK,0.13,-2.10,-1.85,-7.78,7.24,0.20,16.74,151.80,459.14,5503.64,1.48,2.14,1563.10,1575.60,1559.60,1576.50,1514.61,43.61,1,DOWN,NEUTRAL
[object Object],LAND,Land Securities Group PLC,LSE,583.50,GBX,2.28,-2.99,-0.34,-10.57,-8.11,-6.11,-1.35,-18.69,-48.68,49.13,2.66,2.48,583.75,588.73,584.75,613.62,602.52,48.44,1,DOWN,NEUTRAL
[object Object],BRBY,Burberry Group plc,LSE,1083.00,GBX,-6.84,-10.86,-5.55,-8.61,-12.13,-15.75,20.20,-46.96,-4.75,381.33,4.08,3.74,1171.18,1152.26,1113.49,1167.97,1185.57,39.89,1,DOWN,NEUTRAL
[object Object],GETI_B,Getinge AB Class B,OMXSTO,191.50,SEK,0.29,4.56,0.18,-4.23,-12.64,-12.40,-1.16,-32.24,15.16,737.31,1.81,2.36,187.02,191.95,191.08,199.91,204.76,51.40,1,DOWN,NEUTRAL
[object Object],KMAR,Kongsberg Maritime ASA,OSL,57.70,NOK,-0.60,-1.70,-11.23,-11.23,-11.23,-11.23,-11.23,-11.23,-11.23,-11.23,2.47,13.32,59.75,0.00,0.00,0.00,0.00,0.00,1,DOWN,OVERSOLD
[object Object],AUTO,Autotrader Group PLC,LSE,492.20,GBX,-0.57,-1.60,4.19,7.44,-27.62,-15.40,-42.18,-10.83,28.81,88.58,2.71,2.99,501.14,495.30,487.84,511.39,633.20,47.00,1,DOWN,NEUTRAL
[object Object],ABDN,Aberdeen Group plc,LSE,226.00,GBX,1.07,4.97,11.28,6.40,9.82,8.76,38.06,-16.45,-27.93,-7.76,2.75,2.49,216.92,208.15,204.19,208.78,203.56,68.16,1,DOWN,NEUTRAL
[object Object],AG1,AUTO1 Group SE,XETR,20.32,EUR,-1.65,7.74,7.51,5.78,-20.38,-27.17,-10.88,-48.43,-63.05,-63.05,9.73,6.07,18.65,18.30,17.40,21.29,24.40,61.15,1,DOWN,NEUTRAL
[object Object],CRDA,Croda International Plc,LSE,2766.00,GBX,0.00,-3.79,-6.27,-11.12,-2.71,1.47,-12.30,-58.01,-7.52,661.98,2.38,2.34,2815.80,2895.13,2833.00,2842.23,2765.76,39.62,1,DOWN,NEUTRAL
[object Object],BLND,British Land Company PLC,LSE,378.00,GBX,0.96,-4.45,0.00,-5.59,-3.62,-6.06,-3.37,-27.25,-47.06,10.65,3.28,2.89,382.14,383.40,376.45,391.94,378.22,47.28,1,DOWN,NEUTRAL
[object Object],FPE3,FUCHS SE Pref Registered Shs,XETR,37.24,EUR,0.32,-4.41,-2.77,0.00,-5.96,-3.12,-16.28,-11.29,3.16,3421.67,1.97,2.01,38.41,38.02,36.71,37.30,38.37,46.02,1,DOWN,NEUTRAL
[object Object],ROP,Roche Holding Ltd,SIX,320.00,CHF,-0.47,-0.47,2.30,-10.64,11.07,-2.44,20.89,6.58,30.08,149.03,2.00,1.97,318.71,317.87,321.14,333.99,304.88,50.37,0,DOWN,NEUTRAL
[object Object],MC,LVMH Moet Hennessy Louis Vuitton SE,EURONEXT,460.85,EUR,1.89,-3.48,-3.18,-12.07,-27.52,-28.16,-14.32,-26.85,217.06,2585.31,2.53,2.72,459.05,470.85,474.40,528.10,542.48,46.06,0,DOWN,NEUTRAL
[object Object],RMS,Hermes International SCA,EURONEXT,1593.50,EUR,0.70,-5.79,-9.84,-26.43,-26.23,-24.66,-38.78,48.65,400.79,19919.05,2.13,3.24,1619.60,1662.40,1717.44,1911.25,2012.83,41.61,0,DOWN,NEUTRAL
[object Object],SAP,SAP SE,XETR,141.22,EUR,3.64,-6.23,-1.74,-17.32,-33.93,-32.07,-45.65,23.88,103.69,8269.77,3.58,3.43,145.46,146.54,152.06,170.20,198.45,42.33,0,DOWN,NEUTRAL
[object Object],SAF,Safran SA,EURONEXT,283.20,EUR,0.60,-4.90,-8.94,-12.59,-7.15,-4.32,12.38,126.74,373.50,2519.80,2.38,3.88,281.81,289.05,294.11,305.38,299.86,47.90,0,DOWN,NEUTRAL
[object Object],RR.,Rolls-Royce Holdings plc,LSE,1197.20,GBX,-0.65,-7.08,-6.25,-3.45,9.43,3.21,47.88,1038.46,439.21,1848.98,3.05,4.54,1216.20,1210.69,1217.63,1233.75,1170.21,48.66,0,DOWN,NEUTRAL
[object Object],ULVR,Unilever PLC,LSE,4223.50,GBX,-0.27,-3.51,-1.08,-20.91,-17.14,-12.94,-17.58,-10.95,19.62,423.04,1.85,1.77,4283.70,4256.83,4459.72,4740.29,4917.78,43.60,0,DOWN,NEUTRAL
[object Object],EL,EssilorLuxottica SA,EURONEXT,173.20,EUR,1.61,-2.34,-13.01,-34.14,-45.43,-35.49,-32.03,23.71,52.26,3137.38,2.87,3.03,172.70,188.96,194.98,227.05,255.94,37.42,0,DOWN,NEUTRAL
[object Object],CDI,Christian Dior SE,EURONEXT,431.80,EUR,1.79,-3.14,-5.47,-13.64,-27.79,-27.79,-13.33,-31.13,186.24,12965.05,2.45,2.65,431.66,445.89,450.63,497.89,511.09,44.14,0,DOWN,NEUTRAL
[object Object],RHM,Rheinmetall AG,XETR,1143.20,EUR,1.93,-19.61,-23.68,-26.86,-33.79,-27.25,-29.80,1225.91,1805.33,5433.40,6.23,4.34,1279.34,1402.84,1459.38,1587.11,1657.64,28.67,0,DOWN,OVERSOLD
[object Object],UCB,UCB S.A.,EURONEXT,240.30,EUR,0.50,1.82,-12.43,-11.98,8.24,1.78,54.04,208.08,260.97,434.00,2.45,3.03,235.01,249.27,251.01,254.33,238.09,46.78,0,DOWN,NEUTRAL
[object Object],VOW3,Volkswagen AG Pref,XETR,88.84,EUR,2.68,-0.07,0.07,-13.20,-9.62,-14.21,-15.43,-58.19,-31.24,158.33,1.83,2.35,86.82,87.98,88.37,95.52,95.94,52.74,0,DOWN,NEUTRAL
[object Object],BN,Danone SA,EURONEXT,61.86,EUR,0.68,-4.74,-8.41,-14.27,-22.68,-18.84,-13.09,7.32,2.16,1913.23,1.83,1.72,63.53,66.51,67.79,70.28,72.66,32.79,0,DOWN,NEUTRAL
[object Object],AENA,Aena SME SA,BME,23.42,EUR,1.30,-2.82,-11.02,-14.84,1.43,-1.18,2.90,60.03,92.60,259.75,1.84,2.41,23.44,24.97,25.19,25.52,24.63,40.31,0,DOWN,NEUTRAL
[object Object],HLN,Haleon PLC,LSE,329.10,GBX,-0.21,-2.66,-8.41,-18.84,-12.59,-12.22,-17.00,-0.27,-0.27,-0.27,2.19,2.26,334.01,350.30,360.41,372.06,363.67,34.02,0,DOWN,NEUTRAL
[object Object],RKT,Reckitt Benckiser Group plc,LSE,4546.00,GBX,0.62,-4.34,-9.94,-29.15,-22.21,-24.16,-4.82,-28.52,-33.16,481.33,1.60,1.89,4623.80,4874.87,5076.60,5633.31,5686.41,33.99,0,DOWN,NEUTRAL
[object Object],SWED_A,Swedbank AB Class A,OMXSTO,319.70,SEK,-0.62,-2.23,-2.83,-9.59,8.01,-0.71,27.83,116.01,86.85,209.20,1.44,1.69,323.43,325.22,327.27,332.84,307.33,41.52,0,DOWN,NEUTRAL
[object Object],SEB_A,Skandinaviska Enskilda Banken AB Class A,OMXSTO,177.80,SEK,-0.84,-2.12,-1.22,-8.63,-4.18,-9.08,11.96,66.01,138.02,298.43,1.31,1.60,180.29,180.12,180.82,188.24,184.46,43.17,0,DOWN,NEUTRAL
[object Object],SCHP,Schindler Holding Ltd. Pref,SIX,262.60,CHF,-1.13,-3.88,-5.27,-6.81,-7.34,-12.00,-10.31,1.94,49.54,2318.05,1.56,1.68,269.84,269.85,270.77,285.39,290.33,37.18,0,DOWN,NEUTRAL
[object Object],KER,Kering SA,EURONEXT,244.35,EUR,1.56,-0.06,-11.06,-12.69,-23.88,-18.78,28.00,-65.58,69.81,855.51,2.78,3.67,238.63,249.44,250.02,267.92,271.60,49.37,0,DOWN,NEUTRAL
[object Object],III,3i Group plc,LSE,2112.00,GBX,-12.76,-21.46,-23.70,-36.44,-36.08,-35.45,-49.32,70.32,346.61,644.91,6.45,3.97,2506.30,2630.83,2707.84,2991.33,3451.05,24.48,0,DOWN,OVERSOLD
[object Object],HEN3,Henkel AG & Co. KGaA Pref,XETR,63.72,EUR,0.28,-2.78,-2.72,-22.69,-12.01,-8.79,-9.36,-33.46,-37.71,209.98,1.77,1.65,63.31,64.65,66.89,71.10,70.96,44.68,0,DOWN,NEUTRAL
[object Object],IMB,Imperial Brands PLC,LSE,2866.00,GBX,3.99,1.40,-4.36,-12.73,-10.21,-8.14,5.48,81.28,-23.70,911.12,3.19,2.20,2792.35,2868.90,2972.96,3059.36,3087.77,51.23,0,DOWN,NEUTRAL
[object Object],SAAB_B,Saab AB Class B,OMXSTO,491.60,SEK,-3.63,-15.47,-19.58,-23.81,-7.25,-9.60,13.98,677.23,663.85,2562.03,5.18,3.87,548.36,585.50,614.00,625.53,571.46,26.18,0,DOWN,OVERSOLD
[object Object],LISP,Chocoladefabriken Lindt & Spruengli AG Partizipsch.,SIX,9240.00,CHF,-0.91,-1.33,-12.17,-22.94,-27.24,-20.69,-24.57,10.13,51.48,1087.66,2.40,2.25,9373.00,10055.33,10536.40,11088.10,11675.05,33.72,0,DOWN,NEUTRAL
[object Object],RYA,Ryanair Holdings PLC,EURONEXT,22.46,EUR,-1.62,-8.21,-12.54,-16.07,-16.51,-23.19,0.27,36.95,75.47,64.90,2.77,3.51,23.06,24.05,24.64,26.55,26.22,41.29,0,DOWN,NEUTRAL
[object Object],SHB_A,Svenska Handelsbanken AB Class A,OMXSTO,128.95,SEK,-0.62,-0.96,0.43,-10.30,0.23,-4.27,1.46,33.08,26.05,258.19,1.31,1.51,129.77,129.35,132.37,135.72,129.90,43.66,0,DOWN,NEUTRAL
[object Object],SAMPO,Sampo Oyj,OMXHEX,8.84,EUR,-0.83,-2.41,-4.95,-1.78,-11.86,-14.59,-3.64,11.03,12.67,531.43,1.35,1.60,8.84,9.11,9.15,9.39,9.59,41.47,0,DOWN,NEUTRAL
[object Object],HEXA_B,Hexagon AB Class B,OMXSTO,95.28,SEK,1.19,-2.60,2.45,0.00,-15.31,-12.63,-4.03,-14.03,114.73,6029.31,2.76,2.73,96.99,96.91,97.14,99.87,105.56,43.93,0,DOWN,NEUTRAL
[object Object],HM_B,H&M Hennes & Mauritz AB Class B,OMXSTO,157.20,SEK,-1.44,-3.71,-9.39,-15.94,-14.29,-15.80,9.17,-23.62,-40.68,6.58,2.25,2.15,164.47,170.97,173.43,177.92,169.60,29.97,0,DOWN,OVERSOLD
[object Object],PHIA,Koninklijke Philips N.V.,EURONEXT,22.06,EUR,0.91,-5.04,-9.18,-17.07,-11.05,-4.71,1.80,-49.00,4.56,352.20,1.66,2.44,22.63,23.49,23.82,24.42,24.08,37.75,0,DOWN,NEUTRAL
[object Object],VNA,Vonovia SE,XETR,22.20,EUR,0.41,-2.20,-4.76,-15.78,-14.75,-9.61,-22.00,-53.80,-21.72,46.12,2.23,2.28,22.44,22.84,23.15,24.24,25.46,42.26,0,DOWN,NEUTRAL
[object Object],SGSN,SGS SA,SIX,84.68,CHF,0.19,-1.53,0.76,-9.61,-7.39,-6.55,0.55,-22.65,1.24,332.04,1.57,1.93,85.06,85.30,86.93,90.18,88.09,45.09,0,DOWN,NEUTRAL
[object Object],GEBN,Geberit AG,SIX,503.40,CHF,-1.45,-3.64,-8.00,-21.32,-20.72,-19.09,-13.74,-17.64,35.50,800.54,2.06,2.32,520.64,533.83,545.09,583.52,596.74,31.70,0,DOWN,NEUTRAL
[object Object],CAP,Capgemini SE,EURONEXT,96.70,EUR,-0.04,-7.90,-6.21,-7.46,-27.46,-31.81,-38.01,-37.27,18.50,318.92,2.21,3.47,102.22,103.08,103.16,115.26,121.65,37.09,0,DOWN,NEUTRAL
[object Object],ESSITY_B,Essity AB Class B,OMXSTO,246.90,SEK,-0.48,0.82,0.04,-10.99,-6.72,-7.15,-10.64,-13.09,-0.40,-0.40,2.29,1.83,246.15,246.57,251.29,260.83,257.54,48.16,0,DOWN,NEUTRAL
[object Object],MTX,MTU Aero Engines AG,XETR,287.60,EUR,0.00,-8.87,-13.11,-23.88,-20.57,-19.30,-12.98,33.58,238.35,1213.84,2.80,4.02,295.76,309.29,317.50,347.42,359.07,40.94,0,DOWN,NEUTRAL
[object Object],CARL_B,Carlsberg AS Class B,OMXCOP,830.60,DKK,-1.63,-4.31,-2.63,-16.19,4.01,-0.55,-9.24,-24.63,32.47,266.18,1.99,2.49,856.02,836.53,847.93,870.41,826.28,45.36,0,DOWN,NEUTRAL
[object Object],RI,Pernod Ricard SA,EURONEXT,61.16,EUR,0.76,-7.81,-7.56,-27.71,-25.65,-16.54,-36.99,-65.21,-35.96,363.40,1.62,2.21,62.92,64.45,65.90,71.60,79.34,36.69,0,DOWN,NEUTRAL
[object Object],BEI,Beiersdorf AG,XETR,70.58,EUR,1.00,-3.29,-5.87,-31.81,-23.30,-26.83,-40.71,-26.94,-11.30,68.72,1.59,1.85,71.06,73.62,75.18,87.45,91.12,38.42,0,DOWN,NEUTRAL
[object Object],ABF,Associated British Foods plc,LSE,1801.00,GBX,2.39,-1.42,-4.43,-8.60,-18.58,-15.96,-12.15,-20.27,-40.34,803.35,1.82,3.05,1807.75,1846.20,1847.05,1906.00,2033.35,44.43,0,DOWN,NEUTRAL
[object Object],BOL,Boliden AB,OMXSTO,545.60,SEK,4.52,8.82,1.98,-17.95,26.91,5.65,74.31,65.73,356.70,16.85,3.88,3.73,509.57,521.92,554.99,576.64,478.34,54.24,0,DOWN,NEUTRAL
[object Object],WKL,Wolters Kluwer N.V.,EURONEXT,58.36,EUR,2.21,-8.27,-8.09,-4.61,-37.31,-34.19,-62.64,-25.29,73.56,124.63,3.76,3.94,62.84,65.15,65.45,71.69,89.08,33.81,0,DOWN,NEUTRAL
[object Object],METSO,Metso Corporation,OMXHEX,15.10,EUR,1.41,2.86,-6.56,-12.21,7.74,0.67,44.91,58.45,348.07,383.20,2.90,3.37,14.79,15.31,15.37,15.77,14.12,49.25,0,DOWN,NEUTRAL
[object Object],COLO_B,Coloplast A/S Class B,OMXCOP,399.30,DKK,-1.92,-2.35,-5.49,-18.13,-33.38,-26.84,-37.20,-58.25,-19.46,485.48,2.27,2.50,403.96,418.87,429.83,479.50,536.25,39.41,0,DOWN,NEUTRAL
[object Object],TRYG,Tryg A/S,OMXCOP,150.40,DKK,0.47,-0.33,-2.53,-1.05,-6.64,-9.40,-6.47,5.29,53.37,288.05,1.05,1.78,150.31,153.46,153.50,155.64,159.04,44.55,0,DOWN,NEUTRAL
[object Object],BVI,Bureau Veritas SA,EURONEXT,26.56,EUR,1.26,-0.90,-2.75,-1.41,-5.55,-1.85,-9.66,6.67,31.32,36534.48,1.68,2.64,26.24,26.71,27.03,27.26,27.11,49.91,0,DOWN,NEUTRAL
[object Object],GJF,Gjensidige Forsikring ASA,OSL,248.60,NOK,-0.48,-1.58,-6.19,-8.94,-10.19,-17.68,0.24,31.50,80.93,321.36,1.33,1.75,253.18,256.80,259.60,270.24,275.51,39.09,0,DOWN,NEUTRAL
[object Object],JMT,"Jeronimo Martins, SGPS S.A.",EURONEXT,18.34,EUR,0.71,-10.54,-13.08,-12.83,-17.09,-10.01,-14.54,15.71,33.14,891.35,1.86,2.27,19.16,20.24,20.59,20.67,20.83,30.42,0,DOWN,NEUTRAL
[object Object],SOON,Sonova Holding AG,SIX,174.50,CHF,-2.08,-1.41,-3.91,-13.61,-17.69,-15.74,-34.86,-32.63,28.60,539.94,2.25,2.17,176.17,179.38,182.42,194.95,207.85,43.28,0,DOWN,NEUTRAL
[object Object],SGRO,SEGRO plc,LSE,703.00,GBX,0.66,-2.12,0.26,-10.65,-1.82,-2.44,8.15,-29.64,73.38,55.13,2.44,2.51,702.28,699.15,708.68,732.31,700.61,49.52,0,DOWN,NEUTRAL
[object Object],SN.,Smith & Nephew plc,LSE,1104.00,GBX,0.14,-0.18,-11.64,-15.17,-11.54,-10.46,4.00,-27.73,-4.25,341.60,2.54,2.43,1115.05,1181.20,1205.60,1234.40,1277.75,36.27,0,DOWN,NEUTRAL
[object Object],PAH3,Porsche Automobil Holding SE Pref,XETR,32.14,EUR,0.53,1.20,-0.19,-10.17,-14.32,-19.45,-15.24,-62.76,-34.00,-10.51,2.07,2.08,31.57,31.92,32.11,34.69,35.30,52.79,0,DOWN,NEUTRAL
[object Object],LHA,Deutsche Lufthansa AG,XETR,7.91,EUR,-2.68,-5.04,1.46,-12.09,1.75,-6.39,20.94,1.27,-10.55,66.28,3.13,3.68,8.02,7.74,7.75,8.29,8.00,50.97,0,DOWN,NEUTRAL
[object Object],MOWI,Mowi ASA,OSL,192.50,NOK,-1.03,-3.85,-10.88,-16.30,-12.97,-21.04,1.74,-10.09,45.94,-99.59,2.28,2.08,198.62,207.76,212.28,220.59,218.10,32.11,0,DOWN,NEUTRAL
[object Object],SKA_B,Skanska AB Class B,OMXSTO,248.70,SEK,0.40,-3.45,-2.01,-7.20,1.10,-2.13,7.24,6.24,38.94,137.99,2.17,1.83,251.47,251.60,253.42,259.93,252.27,45.69,0,DOWN,NEUTRAL
[object Object],TUB,Financiere de Tubize S.A.,EURONEXT,202.40,EUR,0.30,-0.20,-11.46,-12.57,1.40,-3.62,64.02,161.16,260.14,10127.39,2.45,2.90,200.34,210.65,212.22,218.53,205.29,44.59,0,DOWN,NEUTRAL
[object Object],BIM,bioMerieux SA,EURONEXT,72.45,EUR,-2.95,1.54,-19.41,-21.51,-32.92,-34.32,-38.50,-23.61,89.33,13484.51,2.54,2.77,71.89,81.34,86.15,94.21,104.05,35.64,0,DOWN,NEUTRAL
[object Object],ALO,Alstom SA,EURONEXT,17.77,EUR,3.49,0.85,-21.02,-38.72,-24.42,-29.06,-14.89,-57.66,-8.72,-18.03,3.27,4.14,17.24,19.41,21.29,24.20,23.00,41.81,0,DOWN,NEUTRAL
[object Object],MICC,Magnum Ice Cream Co. N.V.,EURONEXT,13.01,EUR,2.83,1.58,7.11,-4.91,6.62,-4.21,6.62,6.62,6.62,6.62,2.92,3.23,12.74,12.20,12.57,13.32,0.00,58.27,0,DOWN,NEUTRAL
[object Object],SOF,Sofina SA,EURONEXT,218.40,EUR,2.92,-2.24,-2.85,-12.36,-9.00,-11.65,-13.29,-30.13,94.42,400.18,1.95,1.71,218.18,220.44,222.94,235.59,242.82,47.07,0,DOWN,NEUTRAL
[object Object],STERV,Stora Enso Oyj Class R,OMXHEX,9.60,EUR,0.78,-0.10,-6.52,-20.69,-8.74,-10.57,6.67,-38.88,30.29,-45.38,2.96,2.56,9.55,9.93,10.09,10.40,10.05,42.37,0,DOWN,NEUTRAL
[object Object],WEIR,Weir Group PLC,LSE,2508.00,GBX,1.95,-3.39,-19.10,-27.68,-10.17,-12.12,2.96,32.14,124.13,945.00,2.66,3.19,2526.00,2837.20,2861.80,3032.66,2872.95,34.31,0,DOWN,NEUTRAL
[object Object],MKS,Marks and Spencer Group plc,LSE,320.50,GBX,2.96,-4.04,-10.50,-19.47,-11.14,-3.11,-7.93,109.07,-20.85,-22.61,3.92,3.55,324.94,342.24,345.74,355.45,356.76,41.56,0,DOWN,NEUTRAL
[object Object],RAA,Rational Aktiengesellschaft,XETR,651.00,EUR,1.72,-3.63,-4.82,-13.14,2.44,-1.29,-16.75,-15.45,56.49,1791.34,1.89,2.38,642.45,657.53,658.56,675.67,662.26,48.88,0,DOWN,NEUTRAL
[object Object],FHZN,Flughafen Zurich AG,SIX,215.80,CHF,-1.10,-1.64,-13.47,-12.98,-10.83,-14.43,1.51,32.39,23.31,183.95,1.65,2.11,219.86,235.03,239.84,245.49,242.74,33.86,0,DOWN,NEUTRAL
[object Object],BARN,Barry Callebaut AG,SIX,1192.00,CHF,0.76,1.36,-10.31,-16.41,-4.18,-8.87,51.56,-41.05,1.62,407.23,2.36,3.60,1176.10,1211.93,1275.56,1306.32,1213.39,47.95,0,DOWN,NEUTRAL
[object Object],SALM,SalMar ASA,OSL,546.00,NOK,0.18,-0.27,-1.36,-8.70,-5.04,-11.29,11.20,-11.65,139.47,1215.66,2.78,2.93,545.45,551.62,556.67,569.82,555.35,48.33,0,DOWN,NEUTRAL
[object Object],STJ,St. James's Place Plc,LSE,1192.50,GBX,2.80,-3.64,-7.02,-5.28,-9.73,-13.90,9.10,-11.96,39.07,1390.63,2.67,2.79,1196.65,1236.33,1246.51,1327.96,1316.21,44.96,0,DOWN,NEUTRAL
[object Object],NEM,Nemetschek SE,XETR,58.75,EUR,1.21,-8.63,-2.41,-11.59,-36.31,-36.45,-51.77,2.10,256.49,15959.24,3.23,4.28,61.97,63.01,64.81,71.71,89.68,38.98,0,DOWN,NEUTRAL
[object Object],INW,Infrastrutture Wireless Italiane S.p.A.,MIL,7.20,EUR,1.34,-3.49,-2.51,-14.29,-9.21,-8.05,-30.70,-23.58,64.38,84.62,3.09,2.84,7.25,7.27,7.40,7.69,8.59,47.04,0,DOWN,NEUTRAL
[object Object],SCA_B,Svenska Cellulosa AB SCA Class B,OMXSTO,99.58,SEK,-0.87,-3.37,-7.37,-19.37,-20.65,-19.14,-23.55,-32.28,87.35,455.23,1.66,1.79,102.26,106.16,108.84,114.24,119.54,29.30,0,DOWN,OVERSOLD
[object Object],KCR,Konecranes Oyj,OMXHEX,26.72,EUR,0.53,-3.33,-11.99,-16.93,-4.23,-14.63,25.54,115.48,295.27,743.79,2.40,3.64,27.14,29.17,29.64,30.82,28.24,38.18,0,DOWN,NEUTRAL
[object Object],FRA,Fraport AG,XETR,67.75,EUR,0.97,-4.64,-11.55,-16.77,-12.81,-3.21,17.83,12.39,31.60,156.63,1.89,3.40,69.14,72.92,73.70,75.25,74.34,39.93,0,DOWN,NEUTRAL
[object Object],BAB,Babcock International Group PLC,LSE,975.40,GBX,-3.90,-13.41,-23.56,-24.03,-16.56,-21.84,18.23,242.37,2.14,682.21,4.11,3.41,1060.69,1163.66,1227.64,1307.55,1225.05,23.34,0,DOWN,OVERSOLD
[object Object],KGF,Kingfisher Plc,LSE,285.20,GBX,1.13,-1.72,-6.71,-19.75,-7.16,-9.46,-7.52,-21.82,-19.57,26.41,2.42,2.70,285.25,292.54,298.51,316.69,302.41,44.51,0,DOWN,NEUTRAL
[object Object],GRF,"Grifols, S.A. Class A",BME,9.18,EUR,4.27,0.28,1.73,-15.35,-15.74,-15.70,2.64,-60.79,-49.14,267.78,3.24,2.51,8.98,9.09,9.18,10.09,10.87,52.40,0,DOWN,NEUTRAL
[object Object],SUN,Sulzer AG,SIX,145.10,CHF,0.28,-2.81,-13.53,-18.57,8.28,-2.49,-2.88,105.96,156.42,208.11,2.25,2.81,148.15,156.89,158.77,161.71,151.62,36.67,0,DOWN,NEUTRAL
[object Object],EVD,CTS Eventim AG & Co. KGaA,XETR,55.90,EUR,3.81,0.18,3.42,-16.75,-30.26,-28.88,-48.57,3.17,82.50,10547.62,2.88,3.23,55.25,55.43,59.16,65.76,74.98,47.26,0,DOWN,NEUTRAL
[object Object],LMP,LondonMetric Property Plc,LSE,185.70,GBX,0.43,-3.13,-2.47,-10.46,-3.28,-2.21,-1.12,-17.47,14.56,63.61,1.75,2.06,187.82,189.71,190.73,195.51,191.13,43.28,0,DOWN,NEUTRAL
[object Object],IVG,Iveco Group NV,MIL,13.93,EUR,-0.04,-0.32,-27.36,-26.21,-24.40,-25.69,-14.96,23.67,23.67,23.67,0.11,0.37,13.94,16.08,17.28,18.09,18.23,12.14,0,DOWN,OVERSOLD
[object Object],VEND,Vend Marketplaces ASA,OSL,240.60,NOK,-0.25,-2.20,-3.30,-6.38,-20.07,-15.28,-25.19,-29.98,25.22,23.56,2.16,3.46,246.10,247.29,247.45,256.74,299.67,44.65,0,DOWN,NEUTRAL
[object Object],CTEC,ConvaTec Group Plc,LSE,209.20,GBX,1.26,-1.88,-9.52,-6.77,-14.96,-14.12,-20.58,-7.52,-7.02,-7.02,2.50,2.61,207.94,220.38,224.94,230.37,233.06,41.32,0,DOWN,NEUTRAL
[object Object],BBOX,Tritax Big Box REIT PLC,LSE,148.40,GBX,0.27,-3.13,-0.13,-12.71,-1.72,-1.00,5.77,-22.47,14.12,51.88,2.34,2.43,150.27,151.07,151.60,156.99,150.74,44.03,0,DOWN,NEUTRAL
[object Object],HWDN,Howden Joinery Group PLC,LSE,735.50,GBX,0.55,-8.06,-11.01,-15.89,-9.42,-13.72,-11.44,-6.97,52.82,928.67,2.95,2.69,764.55,802.12,813.03,834.53,835.99,33.61,0,DOWN,NEUTRAL
[object Object],GALE,Galenica AG,SIX,81.95,CHF,-1.27,-1.80,-9.95,-18.38,-5.70,-15.99,-3.87,30.81,90.58,90.58,1.74,1.74,82.50,87.16,89.46,93.78,90.57,30.40,0,DOWN,NEUTRAL
[object Object],HOLM_B,Holmen AB Class B,OMXSTO,305.00,SEK,-0.07,-3.48,-8.96,-19.44,-14.57,-13.84,-25.97,-22.69,124.93,100.00,1.53,1.88,312.50,325.29,330.88,341.61,350.16,27.49,0,DOWN,OVERSOLD